dataset,natoms,case,mode,op,cpu_time_total_us,device_time_total_us,self_cpu_time_total_us,count
mptrj,444,sevennet_baseline,force_model,aten::clone,8141.8759999999465,841.6380000000486,794.9469999999255,205
mptrj,444,sevennet_baseline,force_model,aten::empty_strided,1414.1830000001696,0.0,118.92300000017008,47
mptrj,444,sevennet_baseline,force_model,Unrecognized,1243.691,0.0,1243.691,1
mptrj,444,sevennet_baseline,force_model,aten::copy_,42812.451000000154,9201.317999999505,1236.1520000003775,687
mptrj,444,sevennet_baseline,force_model,cudaMemcpyAsync,4890.698999999864,0.0,4890.698999999864,86
mptrj,444,sevennet_baseline,force_model,Memcpy DtoD (Device -> Device),0.0,3299.091999999949,0.0,80
mptrj,444,sevennet_baseline,force_model,aten::to,66.18399999983785,4.128000000000156,10.520999999839205,51
mptrj,444,sevennet_baseline,force_model,aten::_to_copy,55.66299999999865,4.128000000000156,9.315999999997075,4
mptrj,444,sevennet_baseline,force_model,cudaStreamSynchronize,95557.70900000002,0.0,95557.70900000002,6
mptrj,444,sevennet_baseline,force_model,Memcpy HtoD (Pageable -> Device),0.0,0.9600000000004911,0.0,2
mptrj,444,sevennet_baseline,force_model,aten::index_select,397.4459999999999,1.6320000000000618,380.3589999999999,1
mptrj,444,sevennet_baseline,force_model,aten::empty,1054.8880000001554,0.0,1054.8880000001554,669
mptrj,444,sevennet_baseline,force_model,aten::resize_,18.228000000015527,0.0,18.228000000015527,8
mptrj,444,sevennet_baseline,force_model,cudaLaunchKernel,266890.12599999993,0.0,266890.12599999993,4058
mptrj,444,sevennet_baseline,force_model,"void at::native::(anonymous namespace)::indexSelectLargeIndex<long, long, unsigned int, 1, 1, -2, true>(at::cuda::detail::TensorInfo<long, unsigned int>, at::cuda::detail::TensorInfo<long const, unsigned int>, at::cuda::detail::TensorInfo<long const, unsigned int>, int, int, unsigned int, unsigned int, long)",0.0,1.6320000000000618,0.0,1
mptrj,444,sevennet_baseline,force_model,aten::lift_fresh,0.2359999999998763,0.0,0.2359999999998763,1
mptrj,444,sevennet_baseline,force_model,aten::detach_,2.1479999999996835,0.0,1.3109999999996944,1
mptrj,444,sevennet_baseline,force_model,detach_,0.8369999999999891,0.0,0.8369999999999891,1
mptrj,444,sevennet_baseline,force_model,aten::linalg_norm,162.05499999999984,2.3359999999997854,128.3529999999996,1
mptrj,444,sevennet_baseline,force_model,aten::linalg_vector_norm,50.0,4.287999999999101,39.38500000000067,2
mptrj,444,sevennet_baseline,force_model,aten::as_strided,935.8700000005119,0.0,935.8700000005119,4713
mptrj,444,sevennet_baseline,force_model,"void at::native::reduce_kernel<512, 1, at::native::ReduceOp<float, at::native::NormTwoOps<float, float, float>, unsigned int, float, 4, 4> >(at::native::ReduceOp<float, at::native::NormTwoOps<float, float, float>, unsigned int, float, 4, 4>)",0.0,4.287999999999101,0.0,2
mptrj,444,sevennet_baseline,force_model,aten::unsqueeze,550.2190000000337,0.0,444.3030000000854,509
mptrj,444,sevennet_baseline,force_model,aten::mul,62061.01599999983,59743.049999999705,4211.636999999691,1249
mptrj,444,sevennet_baseline,force_model,"void at::native::elementwise_kernel<128, 2, at::native::gpu_kernel_impl_nocast<at::native::BinaryFunctor<float, float, float, at::native::binary_internal::MulFunctor<float> > >(at::TensorIteratorBase&, at::native::BinaryFunctor<float, float, float, at::native::binary_internal::MulFunctor<float> > const&)::{lambda(int)#1}>(int, at::native::gpu_kernel_impl_nocast<at::native::BinaryFunctor<float, float, float, at::native::binary_internal::MulFunctor<float> > >(at::TensorIteratorBase&, at::native::BinaryFunctor<float, float, float, at::native::binary_internal::MulFunctor<float> > const&)::{lambda(int)#1})",0.0,58594.46699999973,0.0,835
mptrj,444,sevennet_baseline,force_model,aten::sin,16.3149999999996,1.9200000000000728,8.746000000000095,1
mptrj,444,sevennet_baseline,force_model,"void at::native::vectorized_elementwise_kernel<4, at::native::sin_kernel_cuda(at::TensorIteratorBase&)::{lambda()#2}::operator()() const::{lambda()#2}::operator()() const::{lambda(float)#1}, std::array<char*, 2ul> >(int, at::native::sin_kernel_cuda(at::TensorIteratorBase&)::{lambda()#2}::operator()() const::{lambda()#2}::operator()() const::{lambda(float)#1}, std::array<char*, 2ul>)",0.0,1.9200000000000728,0.0,1
mptrj,444,sevennet_baseline,force_model,"void at::native::vectorized_elementwise_kernel<4, at::native::AUnaryFunctor<float, float, float, at::native::binary_internal::MulFunctor<float> >, std::array<char*, 2ul> >(int, at::native::AUnaryFunctor<float, float, float, at::native::binary_internal::MulFunctor<float> >, std::array<char*, 2ul>)",0.0,506.1150000000971,0.0,247
mptrj,444,sevennet_baseline,force_model,aten::div,267.4050000000734,172.8980000000265,175.07399999998688,38
mptrj,444,sevennet_baseline,force_model,"void at::native::elementwise_kernel<128, 2, at::native::gpu_kernel_impl_nocast<at::native::BinaryFunctor<float, float, float, at::native::binary_internal::DivFunctor<float> > >(at::TensorIteratorBase&, at::native::BinaryFunctor<float, float, float, at::native::binary_internal::DivFunctor<float> > const&)::{lambda(int)#1}>(int, at::native::gpu_kernel_impl_nocast<at::native::BinaryFunctor<float, float, float, at::native::binary_internal::DivFunctor<float> > >(at::TensorIteratorBase&, at::native::BinaryFunctor<float, float, float, at::native::binary_internal::DivFunctor<float> > const&)::{lambda(int)#1})",0.0,146.68900000005397,0.0,21
mptrj,444,sevennet_baseline,force_model,"void at::native::vectorized_elementwise_kernel<4, at::native::BinaryFunctor<float, float, float, at::native::binary_internal::MulFunctor<float> >, std::array<char*, 3ul> >(int, at::native::BinaryFunctor<float, float, float, at::native::binary_internal::MulFunctor<float> >, std::array<char*, 3ul>)",0.0,140.3509999998796,0.0,18
mptrj,444,sevennet_baseline,force_model,aten::lt,14.25800000000072,1.183999999999287,10.879000000000815,1
mptrj,444,sevennet_baseline,force_model,"void at::native::vectorized_elementwise_kernel<4, at::native::compare_scalar_kernel<float>(at::TensorIteratorBase&, at::native::(anonymous namespace)::OpType, float)::{lambda(float)#1}, std::array<char*, 2ul> >(int, at::native::compare_scalar_kernel<float>(at::TensorIteratorBase&, at::native::(anonymous namespace)::OpType, float)::{lambda(float)#1}, std::array<char*, 2ul>)",0.0,2.5279999999820575,0.0,2
mptrj,444,sevennet_baseline,force_model,aten::rsub,13.917999999999665,1.217000000000553,3.581999999999425,1
mptrj,444,sevennet_baseline,force_model,aten::sub,38.91499999999178,3.264999999970314,31.77600000000166,3
mptrj,444,sevennet_baseline,force_model,"void at::native::vectorized_elementwise_kernel<4, at::native::CUDAFunctorOnOther_add<float>, std::array<char*, 2ul> >(int, at::native::CUDAFunctorOnOther_add<float>, std::array<char*, 2ul>)",0.0,1.217000000000553,0.0,1
mptrj,444,sevennet_baseline,force_model,aten::pow,131.1219999999612,2.24000000000251,119.18799999991643,2
mptrj,444,sevennet_baseline,force_model,aten::result_type,0.44500000005427864,0.0,0.44500000005427864,2
mptrj,444,sevennet_baseline,force_model,"void at::native::vectorized_elementwise_kernel<4, at::native::(anonymous namespace)::pow_tensor_scalar_kernel_impl<float, float>(at::TensorIteratorBase&, float)::{lambda(float)#1}, std::array<char*, 2ul> >(int, at::native::(anonymous namespace)::pow_tensor_scalar_kernel_impl<float, float>(at::TensorIteratorBase&, float)::{lambda(float)#1}, std::array<char*, 2ul>)",0.0,1.0880000000006476,0.0,1
mptrj,444,sevennet_baseline,force_model,aten::add,14926.245999999916,15977.358000000077,340.46100000000297,107
mptrj,444,sevennet_baseline,force_model,"void at::native::vectorized_elementwise_kernel<4, at::native::CUDAFunctorOnSelf_add<float>, std::array<char*, 2ul> >(int, at::native::CUDAFunctorOnSelf_add<float>, std::array<char*, 2ul>)",0.0,2.11200000000008,0.0,2
mptrj,444,sevennet_baseline,force_model,"void at::native::vectorized_elementwise_kernel<4, at::native::BUnaryFunctor<float, float, float, at::native::binary_internal::MulFunctor<float> >, std::array<char*, 2ul> >(int, at::native::BUnaryFunctor<float, float, float, at::native::binary_internal::MulFunctor<float> >, std::array<char*, 2ul>)",0.0,26.208999999972548,0.0,17
mptrj,444,sevennet_baseline,force_model,aten::where,92.73500000001604,10.238000000055763,28.306999999976142,5
mptrj,444,sevennet_baseline,force_model,aten::scalar_tensor,24.65899999996509,2.4640000000417785,4.703000000003158,3
mptrj,444,sevennet_baseline,force_model,aten::fill_,39214.330000000075,57709.39999999985,561.613000000013,463
mptrj,444,sevennet_baseline,force_model,"void at::native::vectorized_elementwise_kernel<4, at::native::FillFunctor<float>, std::array<char*, 1ul> >(int, at::native::FillFunctor<float>, std::array<char*, 1ul>)",0.0,57707.671999999846,0.0,459
mptrj,444,sevennet_baseline,force_model,"void at::native::elementwise_kernel<128, 2, at::native::gpu_kernel_impl_nocast<at::native::(anonymous namespace)::where_kernel_impl(at::TensorIterator&)::{lambda()#1}::operator()() const::{lambda()#11}::operator()() const::{lambda(bool, float, float)#1}>(at::TensorIteratorBase&, at::native::(anonymous namespace)::where_kernel_impl(at::TensorIterator&)::{lambda()#1}::operator()() const::{lambda()#11}::operator()() const::{lambda(bool, float, float)#1} const&)::{lambda(int)#1}>(int, at::native::gpu_kernel_impl_nocast<at::native::(anonymous namespace)::where_kernel_impl(at::TensorIterator&)::{lambda()#1}::operator()() const::{lambda()#11}::operator()() const::{lambda(bool, float, float)#1}>(at::TensorIteratorBase&, at::native::(anonymous namespace)::where_kernel_impl(at::TensorIterator&)::{lambda()#1}::operator()() const::{lambda()#11}::operator()() const::{lambda(bool, float, float)#1} const&)::{lambda(int)#1})",0.0,5.246999999993022,0.0,3
mptrj,444,sevennet_baseline,force_model,aten::clamp_min,13.014000000000124,1.2800000000006548,8.916000000000167,1
mptrj,444,sevennet_baseline,force_model,"void at::native::vectorized_elementwise_kernel<4, at::native::(anonymous namespace)::launch_clamp_scalar(at::TensorIteratorBase&, c10::Scalar, c10::Scalar, at::native::detail::ClampLimits)::{lambda()#1}::operator()() const::{lambda()#7}::operator()() const::{lambda(float)#1}, std::array<char*, 2ul> >(int, at::native::(anonymous namespace)::launch_clamp_scalar(at::TensorIteratorBase&, c10::Scalar, c10::Scalar, at::native::detail::ClampLimits)::{lambda()#1}::operator()() const::{lambda()#7}::operator()() const::{lambda(float)#1}, std::array<char*, 2ul>)",0.0,1.2800000000006548,0.0,1
mptrj,444,sevennet_baseline,force_model,aten::expand_as,69.50799999999526,0.0,5.336999999994077,9
mptrj,444,sevennet_baseline,forward_energy,aten::clone,1480.776999999987,460.5139999999989,135.43299999998715,102
mptrj,444,sevennet_baseline,forward_energy,aten::empty_strided,656.9849999999991,0.0,46.30799999999908,18
mptrj,444,sevennet_baseline,forward_energy,Unrecognized,610.677,0.0,610.677,1
mptrj,444,sevennet_baseline,forward_energy,aten::copy_,570.0870000000036,505.2179999999902,285.33300000000384,134
mptrj,444,sevennet_baseline,forward_energy,cudaMemcpyAsync,84.81799999999953,0.0,84.81799999999953,17
mptrj,444,sevennet_baseline,forward_energy,Memcpy DtoD (Device -> Device),0.0,92.03199999999549,0.0,14
mptrj,444,sevennet_baseline,forward_energy,aten::to,37.99299999999914,3.872000000000071,3.361999999999057,17
mptrj,444,sevennet_baseline,forward_energy,aten::_to_copy,34.631000000000085,3.872000000000071,4.757000000000517,4
mptrj,444,sevennet_baseline,forward_energy,cudaStreamSynchronize,37581.661,0.0,37581.661,3
mptrj,444,sevennet_baseline,forward_energy,Memcpy HtoD (Pageable -> Device),0.0,0.6720000000000255,0.0,2
mptrj,444,sevennet_baseline,forward_energy,aten::index_select,16.48199999999997,1.599999999999909,7.225999999999999,1
mptrj,444,sevennet_baseline,forward_energy,aten::empty,306.4099999999977,0.0,210.5369999999972,122
mptrj,444,sevennet_baseline,forward_energy,aten::resize_,2.9749999999997954,0.0,2.9749999999997954,2
mptrj,444,sevennet_baseline,forward_energy,cudaLaunchKernel,1923.311999999979,0.0,1923.311999999979,1096
mptrj,444,sevennet_baseline,forward_energy,"void at::native::(anonymous namespace)::indexSelectLargeIndex<long, long, unsigned int, 1, 1, -2, true>(at::cuda::detail::TensorInfo<long, unsigned int>, at::cuda::detail::TensorInfo<long const, unsigned int>, at::cuda::detail::TensorInfo<long const, unsigned int>, int, int, unsigned int, unsigned int, long)",0.0,1.599999999999909,0.0,1
mptrj,444,sevennet_baseline,forward_energy,aten::lift_fresh,0.10799999999994725,0.0,0.10799999999994725,1
mptrj,444,sevennet_baseline,forward_energy,aten::detach_,1.47199999999998,0.0,0.8980000000000246,1
mptrj,444,sevennet_baseline,forward_energy,detach_,0.5739999999999554,0.0,0.5739999999999554,1
mptrj,444,sevennet_baseline,forward_energy,aten::linalg_norm,16.200000000000045,2.3999999999999773,1.4529999999999745,1
mptrj,444,sevennet_baseline,forward_energy,aten::linalg_vector_norm,21.83400000000006,4.4799999999999045,15.319999999999823,2
mptrj,444,sevennet_baseline,forward_energy,aten::as_strided,394.100999999975,0.0,394.100999999975,2299
mptrj,444,sevennet_baseline,forward_energy,"void at::native::reduce_kernel<512, 1, at::native::ReduceOp<float, at::native::NormTwoOps<float, float, float>, unsigned int, float, 4, 4> >(at::native::ReduceOp<float, at::native::NormTwoOps<float, float, float>, unsigned int, float, 4, 4>)",0.0,4.4799999999999045,0.0,2
mptrj,444,sevennet_baseline,forward_energy,aten::unsqueeze,433.89600000000155,0.0,344.4630000000178,500
mptrj,444,sevennet_baseline,forward_energy,aten::mul,4247.661000000022,13304.027999999995,1961.4390000000394,508
mptrj,444,sevennet_baseline,forward_energy,"void at::native::elementwise_kernel<128, 2, at::native::gpu_kernel_impl_nocast<at::native::BinaryFunctor<float, float, float, at::native::binary_internal::MulFunctor<float> > >(at::TensorIteratorBase&, at::native::BinaryFunctor<float, float, float, at::native::binary_internal::MulFunctor<float> > const&)::{lambda(int)#1}>(int, at::native::gpu_kernel_impl_nocast<at::native::BinaryFunctor<float, float, float, at::native::binary_internal::MulFunctor<float> > >(at::TensorIteratorBase&, at::native::BinaryFunctor<float, float, float, at::native::binary_internal::MulFunctor<float> > const&)::{lambda(int)#1})",0.0,12625.685000000049,0.0,280
mptrj,444,sevennet_baseline,forward_energy,aten::sin,8.233000000000061,1.8880000000000337,5.369000000000028,1
mptrj,444,sevennet_baseline,forward_energy,"void at::native::vectorized_elementwise_kernel<4, at::native::sin_kernel_cuda(at::TensorIteratorBase&)::{lambda()#2}::operator()() const::{lambda()#2}::operator()() const::{lambda(float)#1}, std::array<char*, 2ul> >(int, at::native::sin_kernel_cuda(at::TensorIteratorBase&)::{lambda()#2}::operator()() const::{lambda()#2}::operator()() const::{lambda(float)#1}, std::array<char*, 2ul>)",0.0,1.8880000000000337,0.0,1
mptrj,444,sevennet_baseline,forward_energy,"void at::native::vectorized_elementwise_kernel<4, at::native::AUnaryFunctor<float, float, float, at::native::binary_internal::MulFunctor<float> >, std::array<char*, 2ul> >(int, at::native::AUnaryFunctor<float, float, float, at::native::binary_internal::MulFunctor<float> >, std::array<char*, 2ul>)",0.0,232.60999999997853,0.0,125
mptrj,444,sevennet_baseline,forward_energy,aten::div,180.4850000000023,112.44899999999075,99.521000000002,23
mptrj,444,sevennet_baseline,forward_energy,"void at::native::elementwise_kernel<128, 2, at::native::gpu_kernel_impl_nocast<at::native::BinaryFunctor<float, float, float, at::native::binary_internal::DivFunctor<float> > >(at::TensorIteratorBase&, at::native::BinaryFunctor<float, float, float, at::native::binary_internal::DivFunctor<float> > const&)::{lambda(int)#1}>(int, at::native::gpu_kernel_impl_nocast<at::native::BinaryFunctor<float, float, float, at::native::binary_internal::DivFunctor<float> > >(at::TensorIteratorBase&, at::native::BinaryFunctor<float, float, float, at::native::binary_internal::DivFunctor<float> > const&)::{lambda(int)#1})",0.0,85.66499999999655,0.0,7
mptrj,444,sevennet_baseline,forward_energy,"void at::native::vectorized_elementwise_kernel<4, at::native::BinaryFunctor<float, float, float, at::native::binary_internal::MulFunctor<float> >, std::array<char*, 3ul> >(int, at::native::BinaryFunctor<float, float, float, at::native::binary_internal::MulFunctor<float> >, std::array<char*, 3ul>)",0.0,3.552000000001044,0.0,3
mptrj,444,sevennet_baseline,forward_energy,aten::lt,9.027000000000044,1.2799999999999727,6.236000000000104,1
mptrj,444,sevennet_baseline,forward_energy,"void at::native::vectorized_elementwise_kernel<4, at::native::compare_scalar_kernel<float>(at::TensorIteratorBase&, at::native::(anonymous namespace)::OpType, float)::{lambda(float)#1}, std::array<char*, 2ul> >(int, at::native::compare_scalar_kernel<float>(at::TensorIteratorBase&, at::native::(anonymous namespace)::OpType, float)::{lambda(float)#1}, std::array<char*, 2ul>)",0.0,1.2799999999999727,0.0,1
mptrj,444,sevennet_baseline,forward_energy,aten::rsub,9.113000000000056,1.0559999999998126,1.8910000000000764,1
mptrj,444,sevennet_baseline,forward_energy,aten::sub,11.518000000000029,2.271999999999707,7.476000000000113,2
mptrj,444,sevennet_baseline,forward_energy,"void at::native::vectorized_elementwise_kernel<4, at::native::CUDAFunctorOnOther_add<float>, std::array<char*, 2ul> >(int, at::native::CUDAFunctorOnOther_add<float>, std::array<char*, 2ul>)",0.0,1.0559999999998126,0.0,1
mptrj,444,sevennet_baseline,forward_energy,aten::pow,10.40300000000002,1.2160000000001219,7.1870000000001255,1
mptrj,444,sevennet_baseline,forward_energy,aten::result_type,0.2899999999999636,0.0,0.2899999999999636,1
mptrj,444,sevennet_baseline,forward_energy,"void at::native::vectorized_elementwise_kernel<4, at::native::(anonymous namespace)::pow_tensor_scalar_kernel_impl<float, float>(at::TensorIteratorBase&, float)::{lambda(float)#1}, std::array<char*, 2ul> >(int, at::native::(anonymous namespace)::pow_tensor_scalar_kernel_impl<float, float>(at::TensorIteratorBase&, float)::{lambda(float)#1}, std::array<char*, 2ul>)",0.0,1.2160000000001219,0.0,1
mptrj,444,sevennet_baseline,forward_energy,aten::add,114.91700000000606,45.05500000001621,82.94399999999746,18
mptrj,444,sevennet_baseline,forward_energy,"void at::native::vectorized_elementwise_kernel<4, at::native::CUDAFunctorOnSelf_add<float>, std::array<char*, 2ul> >(int, at::native::CUDAFunctorOnSelf_add<float>, std::array<char*, 2ul>)",0.0,2.30399999999986,0.0,2
mptrj,444,sevennet_baseline,forward_energy,"void at::native::vectorized_elementwise_kernel<4, at::native::BUnaryFunctor<float, float, float, at::native::binary_internal::MulFunctor<float> >, std::array<char*, 2ul> >(int, at::native::BUnaryFunctor<float, float, float, at::native::binary_internal::MulFunctor<float> >, std::array<char*, 2ul>)",0.0,26.783999999994194,0.0,16
mptrj,444,sevennet_baseline,forward_energy,aten::where,32.858999999999696,4.0330000000003565,8.31100000000015,2
mptrj,444,sevennet_baseline,forward_energy,aten::scalar_tensor,8.204000000000178,0.8330000000000837,1.731999999999971,1
mptrj,444,sevennet_baseline,forward_energy,aten::fill_,99.87200000000553,67.71700000000283,48.40000000000532,31
mptrj,444,sevennet_baseline,forward_energy,"void at::native::vectorized_elementwise_kernel<4, at::native::FillFunctor<float>, std::array<char*, 1ul> >(int, at::native::FillFunctor<float>, std::array<char*, 1ul>)",0.0,66.02100000000291,0.0,27
mptrj,444,sevennet_baseline,forward_energy,"void at::native::elementwise_kernel<128, 2, at::native::gpu_kernel_impl_nocast<at::native::(anonymous namespace)::where_kernel_impl(at::TensorIterator&)::{lambda()#1}::operator()() const::{lambda()#11}::operator()() const::{lambda(bool, float, float)#1}>(at::TensorIteratorBase&, at::native::(anonymous namespace)::where_kernel_impl(at::TensorIterator&)::{lambda()#1}::operator()() const::{lambda()#11}::operator()() const::{lambda(bool, float, float)#1} const&)::{lambda(int)#1}>(int, at::native::gpu_kernel_impl_nocast<at::native::(anonymous namespace)::where_kernel_impl(at::TensorIterator&)::{lambda()#1}::operator()() const::{lambda()#11}::operator()() const::{lambda(bool, float, float)#1}>(at::TensorIteratorBase&, at::native::(anonymous namespace)::where_kernel_impl(at::TensorIterator&)::{lambda()#1}::operator()() const::{lambda()#11}::operator()() const::{lambda(bool, float, float)#1} const&)::{lambda(int)#1})",0.0,1.6000000000001364,0.0,1
mptrj,444,sevennet_baseline,forward_energy,aten::clamp_min,6.9370000000001255,1.1520000000000437,4.600000000000136,1
mptrj,444,sevennet_baseline,forward_energy,"void at::native::vectorized_elementwise_kernel<4, at::native::(anonymous namespace)::launch_clamp_scalar(at::TensorIteratorBase&, c10::Scalar, c10::Scalar, at::native::detail::ClampLimits)::{lambda()#1}::operator()() const::{lambda()#7}::operator()() const::{lambda(float)#1}, std::array<char*, 2ul> >(int, at::native::(anonymous namespace)::launch_clamp_scalar(at::TensorIteratorBase&, c10::Scalar, c10::Scalar, at::native::detail::ClampLimits)::{lambda()#1}::operator()() const::{lambda()#7}::operator()() const::{lambda(float)#1}, std::array<char*, 2ul>)",0.0,1.1520000000000437,0.0,1
mptrj,444,sevennet_baseline,forward_energy,aten::expand_as,11.329000000000406,0.0,3.445999999998776,6
mptrj,444,sevennet_geometry_only,force_model,aten::clone,2774.7569999999687,855.5640000001749,198.6939999998555,213
mptrj,444,sevennet_geometry_only,force_model,aten::empty_strided,305.14700000008395,0.0,108.20900000008399,56
mptrj,444,sevennet_geometry_only,force_model,Unrecognized,196.938,0.0,196.938,1
mptrj,444,sevennet_geometry_only,force_model,aten::copy_,37494.96100000044,9211.221000000529,1236.2640000006077,696
mptrj,444,sevennet_geometry_only,force_model,cudaMemcpyAsync,6229.5980000002355,0.0,6229.5980000002355,94
mptrj,444,sevennet_geometry_only,force_model,Memcpy DtoD (Device -> Device),0.0,3318.4330000001,0.0,88
mptrj,444,sevennet_geometry_only,force_model,aten::to,53.9149999999168,5.920000000000073,8.966999999916823,54
mptrj,444,sevennet_geometry_only,force_model,aten::_to_copy,44.94799999999998,5.920000000000073,7.206999999999823,5
mptrj,444,sevennet_geometry_only,force_model,cudaStreamSynchronize,99900.81300000005,0.0,99900.81300000005,6
mptrj,444,sevennet_geometry_only,force_model,Memcpy HtoD (Pageable -> Device),0.0,0.7360000000001037,0.0,2
mptrj,444,sevennet_geometry_only,force_model,aten::index_select,101.89099999999911,2027.5079999999955,50.966000000002,9
mptrj,444,sevennet_geometry_only,force_model,aten::empty,1063.1009999996888,0.0,1063.1009999996888,684
mptrj,444,sevennet_geometry_only,force_model,aten::resize_,24.09700000003687,0.0,24.09700000003687,16
mptrj,444,sevennet_geometry_only,force_model,cudaLaunchKernel,272826.42999999993,0.0,272826.42999999993,4088
mptrj,444,sevennet_geometry_only,force_model,"void at::native::(anonymous namespace)::indexSelectLargeIndex<long, long, unsigned int, 1, 1, -2, true>(at::cuda::detail::TensorInfo<long, unsigned int>, at::cuda::detail::TensorInfo<long const, unsigned int>, at::cuda::detail::TensorInfo<long const, unsigned int>, int, int, unsigned int, unsigned int, long)",0.0,1.6000000000000227,0.0,1
mptrj,444,sevennet_geometry_only,force_model,aten::lift_fresh,0.09999999999990905,0.0,0.09999999999990905,1
mptrj,444,sevennet_geometry_only,force_model,aten::detach_,1.1509999999999536,0.0,0.7189999999999372,1
mptrj,444,sevennet_geometry_only,force_model,detach_,0.43200000000001637,0.0,0.43200000000001637,1
mptrj,444,sevennet_geometry_only,force_model,"void at::native::(anonymous namespace)::indexSelectLargeIndex<float, long, unsigned int, 2, 2, -2, true>(at::cuda::detail::TensorInfo<float, unsigned int>, at::cuda::detail::TensorInfo<float const, unsigned int>, at::cuda::detail::TensorInfo<long const, unsigned int>, int, int, unsigned int, unsigned int, long)",0.0,2025.9079999999954,0.0,8
mptrj,444,sevennet_geometry_only,force_model,aten::linalg_norm,18.11399999999992,2.240000000000009,1.4569999999999936,1
mptrj,444,sevennet_geometry_only,force_model,aten::linalg_vector_norm,27.05099999999993,4.32000000000005,20.438999999999965,2
mptrj,444,sevennet_geometry_only,force_model,aten::as_strided,841.767999999357,0.0,841.767999999357,4716
mptrj,444,sevennet_geometry_only,force_model,"void at::native::reduce_kernel<512, 1, at::native::ReduceOp<float, at::native::NormTwoOps<float, float, float>, unsigned int, float, 4, 4> >(at::native::ReduceOp<float, at::native::NormTwoOps<float, float, float>, unsigned int, float, 4, 4>)",0.0,4.32000000000005,0.0,2
mptrj,444,sevennet_geometry_only,force_model,aten::unsqueeze,465.93999999995697,0.0,375.08100000000616,512
mptrj,444,sevennet_geometry_only,force_model,aten::mul,75860.53900000018,59538.37200000133,4099.842000000179,1253
mptrj,444,sevennet_geometry_only,force_model,"void at::native::elementwise_kernel<128, 2, at::native::gpu_kernel_impl_nocast<at::native::BinaryFunctor<float, float, float, at::native::binary_internal::MulFunctor<float> > >(at::TensorIteratorBase&, at::native::BinaryFunctor<float, float, float, at::native::binary_internal::MulFunctor<float> > const&)::{lambda(int)#1}>(int, at::native::gpu_kernel_impl_nocast<at::native::BinaryFunctor<float, float, float, at::native::binary_internal::MulFunctor<float> > >(at::TensorIteratorBase&, at::native::BinaryFunctor<float, float, float, at::native::binary_internal::MulFunctor<float> > const&)::{lambda(int)#1})",0.0,58463.64200000124,0.0,837
mptrj,444,sevennet_geometry_only,force_model,aten::sin,8.756000000000085,1.88799999999992,5.687000000000012,1
mptrj,444,sevennet_geometry_only,force_model,"void at::native::vectorized_elementwise_kernel<4, at::native::sin_kernel_cuda(at::TensorIteratorBase&)::{lambda()#2}::operator()() const::{lambda()#2}::operator()() const::{lambda(float)#1}, std::array<char*, 2ul> >(int, at::native::sin_kernel_cuda(at::TensorIteratorBase&)::{lambda()#2}::operator()() const::{lambda()#2}::operator()() const::{lambda(float)#1}, std::array<char*, 2ul>)",0.0,1.88799999999992,0.0,1
mptrj,444,sevennet_geometry_only,force_model,"void at::native::vectorized_elementwise_kernel<4, at::native::AUnaryFunctor<float, float, float, at::native::binary_internal::MulFunctor<float> >, std::array<char*, 2ul> >(int, at::native::AUnaryFunctor<float, float, float, at::native::binary_internal::MulFunctor<float> >, std::array<char*, 2ul>)",0.0,422.94900000008954,0.0,247
mptrj,444,sevennet_geometry_only,force_model,aten::div,787.0419999999688,171.42700000010484,166.82199999990848,38
mptrj,444,sevennet_geometry_only,force_model,"void at::native::elementwise_kernel<128, 2, at::native::gpu_kernel_impl_nocast<at::native::BinaryFunctor<float, float, float, at::native::binary_internal::DivFunctor<float> > >(at::TensorIteratorBase&, at::native::BinaryFunctor<float, float, float, at::native::binary_internal::DivFunctor<float> > const&)::{lambda(int)#1}>(int, at::native::gpu_kernel_impl_nocast<at::native::BinaryFunctor<float, float, float, at::native::binary_internal::DivFunctor<float> > >(at::TensorIteratorBase&, at::native::BinaryFunctor<float, float, float, at::native::binary_internal::DivFunctor<float> > const&)::{lambda(int)#1})",0.0,143.84100000013643,0.0,21
mptrj,444,sevennet_geometry_only,force_model,"void at::native::vectorized_elementwise_kernel<4, at::native::BinaryFunctor<float, float, float, at::native::binary_internal::MulFunctor<float> >, std::array<char*, 3ul> >(int, at::native::BinaryFunctor<float, float, float, at::native::binary_internal::MulFunctor<float> >, std::array<char*, 3ul>)",0.0,146.05099999990637,0.0,20
mptrj,444,sevennet_geometry_only,force_model,aten::lt,8.590000000000032,1.1200000000000045,6.219000000000051,1
mptrj,444,sevennet_geometry_only,force_model,"void at::native::vectorized_elementwise_kernel<4, at::native::compare_scalar_kernel<float>(at::TensorIteratorBase&, at::native::(anonymous namespace)::OpType, float)::{lambda(float)#1}, std::array<char*, 2ul> >(int, at::native::compare_scalar_kernel<float>(at::TensorIteratorBase&, at::native::(anonymous namespace)::OpType, float)::{lambda(float)#1}, std::array<char*, 2ul>)",0.0,2.3360000000149057,0.0,2
mptrj,444,sevennet_geometry_only,force_model,aten::rsub,8.767000000000053,1.024000000000001,2.1070000000000846,1
mptrj,444,sevennet_geometry_only,force_model,aten::sub,41.39099999999905,4.128000000034035,32.91300000002866,4
mptrj,444,sevennet_geometry_only,force_model,"void at::native::vectorized_elementwise_kernel<4, at::native::CUDAFunctorOnOther_add<float>, std::array<char*, 2ul> >(int, at::native::CUDAFunctorOnOther_add<float>, std::array<char*, 2ul>)",0.0,1.024000000000001,0.0,1
mptrj,444,sevennet_geometry_only,force_model,aten::pow,48.42499999997483,2.209000000014953,14.097000000074445,2
mptrj,444,sevennet_geometry_only,force_model,aten::result_type,0.3149999999859574,0.0,0.3149999999859574,2
mptrj,444,sevennet_geometry_only,force_model,"void at::native::vectorized_elementwise_kernel<4, at::native::(anonymous namespace)::pow_tensor_scalar_kernel_impl<float, float>(at::TensorIteratorBase&, float)::{lambda(float)#1}, std::array<char*, 2ul> >(int, at::native::(anonymous namespace)::pow_tensor_scalar_kernel_impl<float, float>(at::TensorIteratorBase&, float)::{lambda(float)#1}, std::array<char*, 2ul>)",0.0,0.9930000000000518,0.0,1
mptrj,444,sevennet_geometry_only,force_model,aten::add,13760.74900000005,15980.847999999873,331.09400000003484,108
mptrj,444,sevennet_geometry_only,force_model,"void at::native::vectorized_elementwise_kernel<4, at::native::CUDAFunctorOnSelf_add<float>, std::array<char*, 2ul> >(int, at::native::CUDAFunctorOnSelf_add<float>, std::array<char*, 2ul>)",0.0,4.895999999999958,0.0,4
mptrj,444,sevennet_geometry_only,force_model,"void at::native::vectorized_elementwise_kernel<4, at::native::BUnaryFunctor<float, float, float, at::native::binary_internal::MulFunctor<float> >, std::array<char*, 2ul> >(int, at::native::BUnaryFunctor<float, float, float, at::native::binary_internal::MulFunctor<float> >, std::array<char*, 2ul>)",0.0,27.585999999968408,0.0,17
mptrj,444,sevennet_geometry_only,force_model,aten::where,1005.19600000004,10.144000000035817,22.710999999923956,5
mptrj,444,sevennet_geometry_only,force_model,aten::scalar_tensor,109.48500000005174,2.495999999989749,3.7410000000660375,3
mptrj,444,sevennet_geometry_only,force_model,aten::fill_,27154.943000000112,58091.30700000003,561.4080000002166,470
mptrj,444,sevennet_geometry_only,force_model,"void at::native::vectorized_elementwise_kernel<4, at::native::FillFunctor<float>, std::array<char*, 1ul> >(int, at::native::FillFunctor<float>, std::array<char*, 1ul>)",0.0,58089.57900000003,0.0,466
mptrj,444,sevennet_geometry_only,force_model,"void at::native::elementwise_kernel<128, 2, at::native::gpu_kernel_impl_nocast<at::native::(anonymous namespace)::where_kernel_impl(at::TensorIterator&)::{lambda()#1}::operator()() const::{lambda()#11}::operator()() const::{lambda(bool, float, float)#1}>(at::TensorIteratorBase&, at::native::(anonymous namespace)::where_kernel_impl(at::TensorIterator&)::{lambda()#1}::operator()() const::{lambda()#11}::operator()() const::{lambda(bool, float, float)#1} const&)::{lambda(int)#1}>(int, at::native::gpu_kernel_impl_nocast<at::native::(anonymous namespace)::where_kernel_impl(at::TensorIterator&)::{lambda()#1}::operator()() const::{lambda()#11}::operator()() const::{lambda(bool, float, float)#1}>(at::TensorIteratorBase&, at::native::(anonymous namespace)::where_kernel_impl(at::TensorIterator&)::{lambda()#1}::operator()() const::{lambda()#11}::operator()() const::{lambda(bool, float, float)#1} const&)::{lambda(int)#1})",0.0,5.08800000001861,0.0,3
mptrj,444,sevennet_geometry_only,force_model,aten::clamp_min,9.023000000000025,1.05600000000004,6.479000000000042,1
mptrj,444,sevennet_geometry_only,force_model,"void at::native::vectorized_elementwise_kernel<4, at::native::(anonymous namespace)::launch_clamp_scalar(at::TensorIteratorBase&, c10::Scalar, c10::Scalar, at::native::detail::ClampLimits)::{lambda()#1}::operator()() const::{lambda()#7}::operator()() const::{lambda(float)#1}, std::array<char*, 2ul> >(int, at::native::(anonymous namespace)::launch_clamp_scalar(at::TensorIteratorBase&, c10::Scalar, c10::Scalar, at::native::detail::ClampLimits)::{lambda()#1}::operator()() const::{lambda()#7}::operator()() const::{lambda(float)#1}, std::array<char*, 2ul>)",0.0,1.05600000000004,0.0,1
mptrj,444,sevennet_geometry_only,forward_energy,aten::clone,1146.0289999999927,470.3110000000246,114.83699999998476,110
mptrj,444,sevennet_geometry_only,forward_energy,aten::empty_strided,217.51499999999865,0.0,56.799999999998676,27
mptrj,444,sevennet_geometry_only,forward_energy,Unrecognized,160.71499999999997,0.0,160.71499999999997,1
mptrj,444,sevennet_geometry_only,forward_energy,aten::copy_,809.0980000000118,516.1690000000326,292.34000000000526,143
mptrj,444,sevennet_geometry_only,forward_energy,cudaMemcpyAsync,318.6249999999998,0.0,318.6249999999998,25
mptrj,444,sevennet_geometry_only,forward_energy,Memcpy DtoD (Device -> Device),0.0,101.37799999999845,0.0,22
mptrj,444,sevennet_geometry_only,forward_energy,aten::to,46.13099999999827,5.856000000000336,4.361999999998375,20
mptrj,444,sevennet_geometry_only,forward_energy,aten::_to_copy,41.76899999999989,5.856000000000336,5.7749999999995225,5
mptrj,444,sevennet_geometry_only,forward_energy,cudaStreamSynchronize,41794.092000000004,0.0,41794.092000000004,3
mptrj,444,sevennet_geometry_only,forward_energy,Memcpy HtoD (Pageable -> Device),0.0,0.6719999999999118,0.0,2
mptrj,444,sevennet_geometry_only,forward_energy,aten::index_select,85.72799999999802,2017.6829999999934,41.10799999999995,8
mptrj,444,sevennet_geometry_only,forward_energy,aten::empty,211.46199999999624,0.0,211.46199999999624,129
mptrj,444,sevennet_geometry_only,forward_energy,aten::resize_,13.755999999998949,0.0,13.755999999998949,9
mptrj,444,sevennet_geometry_only,forward_energy,cudaLaunchKernel,1869.0960000000068,0.0,1869.0960000000068,1110
mptrj,444,sevennet_geometry_only,forward_energy,"void at::native::(anonymous namespace)::indexSelectLargeIndex<long, long, unsigned int, 1, 1, -2, true>(at::cuda::detail::TensorInfo<long, unsigned int>, at::cuda::detail::TensorInfo<long const, unsigned int>, at::cuda::detail::TensorInfo<long const, unsigned int>, int, int, unsigned int, unsigned int, long)",0.0,1.6320000000000618,0.0,1
mptrj,444,sevennet_geometry_only,forward_energy,aten::lift_fresh,0.17899999999997362,0.0,0.17899999999997362,1
mptrj,444,sevennet_geometry_only,forward_energy,aten::detach_,1.211999999999989,0.0,0.6580000000000155,1
mptrj,444,sevennet_geometry_only,forward_energy,detach_,0.5539999999999736,0.0,0.5539999999999736,1
mptrj,444,sevennet_geometry_only,forward_energy,aten::linalg_norm,20.15599999999995,2.367999999999938,1.4020000000000437,1
mptrj,444,sevennet_geometry_only,forward_energy,aten::linalg_vector_norm,25.771999999999935,4.41599999999994,14.864999999999895,2
mptrj,444,sevennet_geometry_only,forward_energy,aten::as_strided,391.1389999999818,0.0,391.1389999999818,2302
mptrj,444,sevennet_geometry_only,forward_energy,"void at::native::reduce_kernel<512, 1, at::native::ReduceOp<float, at::native::NormTwoOps<float, float, float>, unsigned int, float, 4, 4> >(at::native::ReduceOp<float, at::native::NormTwoOps<float, float, float>, unsigned int, float, 4, 4>)",0.0,4.41599999999994,0.0,2
mptrj,444,sevennet_geometry_only,forward_energy,aten::unsqueeze,412.12500000001364,0.0,315.97800000000234,503
mptrj,444,sevennet_geometry_only,forward_energy,aten::mul,2651.899000000014,13250.448000000022,1832.3110000000274,511
mptrj,444,sevennet_geometry_only,forward_energy,"void at::native::elementwise_kernel<128, 2, at::native::gpu_kernel_impl_nocast<at::native::BinaryFunctor<float, float, float, at::native::binary_internal::MulFunctor<float> > >(at::TensorIteratorBase&, at::native::BinaryFunctor<float, float, float, at::native::binary_internal::MulFunctor<float> > const&)::{lambda(int)#1}>(int, at::native::gpu_kernel_impl_nocast<at::native::BinaryFunctor<float, float, float, at::native::binary_internal::MulFunctor<float> > >(at::TensorIteratorBase&, at::native::BinaryFunctor<float, float, float, at::native::binary_internal::MulFunctor<float> > const&)::{lambda(int)#1})",0.0,12617.57900000001,0.0,282
mptrj,444,sevennet_geometry_only,forward_energy,aten::sin,8.029999999999973,1.8869999999999436,5.212999999999965,1
mptrj,444,sevennet_geometry_only,forward_energy,"void at::native::vectorized_elementwise_kernel<4, at::native::sin_kernel_cuda(at::TensorIteratorBase&)::{lambda()#2}::operator()() const::{lambda()#2}::operator()() const::{lambda(float)#1}, std::array<char*, 2ul> >(int, at::native::sin_kernel_cuda(at::TensorIteratorBase&)::{lambda()#2}::operator()() const::{lambda()#2}::operator()() const::{lambda(float)#1}, std::array<char*, 2ul>)",0.0,1.8869999999999436,0.0,1
mptrj,444,sevennet_geometry_only,forward_energy,"void at::native::vectorized_elementwise_kernel<4, at::native::AUnaryFunctor<float, float, float, at::native::binary_internal::MulFunctor<float> >, std::array<char*, 2ul> >(int, at::native::AUnaryFunctor<float, float, float, at::native::binary_internal::MulFunctor<float> >, std::array<char*, 2ul>)",0.0,189.15300000001992,0.0,125
mptrj,444,sevennet_geometry_only,forward_energy,aten::div,215.9850000000048,110.62700000000109,97.76500000000692,23
mptrj,444,sevennet_geometry_only,forward_energy,"void at::native::elementwise_kernel<128, 2, at::native::gpu_kernel_impl_nocast<at::native::BinaryFunctor<float, float, float, at::native::binary_internal::DivFunctor<float> > >(at::TensorIteratorBase&, at::native::BinaryFunctor<float, float, float, at::native::binary_internal::DivFunctor<float> > const&)::{lambda(int)#1}>(int, at::native::gpu_kernel_impl_nocast<at::native::BinaryFunctor<float, float, float, at::native::binary_internal::DivFunctor<float> > >(at::TensorIteratorBase&, at::native::BinaryFunctor<float, float, float, at::native::binary_internal::DivFunctor<float> > const&)::{lambda(int)#1})",0.0,84.83400000000029,0.0,7
mptrj,444,sevennet_geometry_only,forward_energy,"void at::native::vectorized_elementwise_kernel<4, at::native::BinaryFunctor<float, float, float, at::native::binary_internal::MulFunctor<float> >, std::array<char*, 3ul> >(int, at::native::BinaryFunctor<float, float, float, at::native::binary_internal::MulFunctor<float> >, std::array<char*, 3ul>)",0.0,5.280000000000314,0.0,4
mptrj,444,sevennet_geometry_only,forward_energy,aten::lt,8.861999999999966,1.2160000000000082,6.075999999999908,1
mptrj,444,sevennet_geometry_only,forward_energy,"void at::native::vectorized_elementwise_kernel<4, at::native::compare_scalar_kernel<float>(at::TensorIteratorBase&, at::native::(anonymous namespace)::OpType, float)::{lambda(float)#1}, std::array<char*, 2ul> >(int, at::native::compare_scalar_kernel<float>(at::TensorIteratorBase&, at::native::(anonymous namespace)::OpType, float)::{lambda(float)#1}, std::array<char*, 2ul>)",0.0,1.2160000000000082,0.0,1
mptrj,444,sevennet_geometry_only,forward_energy,aten::rsub,8.620000000000005,1.1200000000000045,1.6619999999999209,1
mptrj,444,sevennet_geometry_only,forward_energy,aten::sub,17.28999999999985,3.1690000000000964,11.462999999999965,3
mptrj,444,sevennet_geometry_only,forward_energy,"void at::native::vectorized_elementwise_kernel<4, at::native::CUDAFunctorOnOther_add<float>, std::array<char*, 2ul> >(int, at::native::CUDAFunctorOnOther_add<float>, std::array<char*, 2ul>)",0.0,1.1200000000000045,0.0,1
mptrj,444,sevennet_geometry_only,forward_energy,aten::pow,10.44399999999996,1.0879999999999654,7.357999999999947,1
mptrj,444,sevennet_geometry_only,forward_energy,aten::result_type,0.17799999999999727,0.0,0.17799999999999727,1
mptrj,444,sevennet_geometry_only,forward_energy,"void at::native::vectorized_elementwise_kernel<4, at::native::(anonymous namespace)::pow_tensor_scalar_kernel_impl<float, float>(at::TensorIteratorBase&, float)::{lambda(float)#1}, std::array<char*, 2ul> >(int, at::native::(anonymous namespace)::pow_tensor_scalar_kernel_impl<float, float>(at::TensorIteratorBase&, float)::{lambda(float)#1}, std::array<char*, 2ul>)",0.0,1.0879999999999654,0.0,1
mptrj,444,sevennet_geometry_only,forward_energy,aten::add,114.53200000000118,47.07399999998893,81.91599999999653,19
mptrj,444,sevennet_geometry_only,forward_energy,"void at::native::vectorized_elementwise_kernel<4, at::native::CUDAFunctorOnSelf_add<float>, std::array<char*, 2ul> >(int, at::native::CUDAFunctorOnSelf_add<float>, std::array<char*, 2ul>)",0.0,4.705000000000041,0.0,4
mptrj,444,sevennet_geometry_only,forward_energy,"void at::native::vectorized_elementwise_kernel<4, at::native::BUnaryFunctor<float, float, float, at::native::binary_internal::MulFunctor<float> >, std::array<char*, 2ul> >(int, at::native::BUnaryFunctor<float, float, float, at::native::binary_internal::MulFunctor<float> >, std::array<char*, 2ul>)",0.0,25.793000000000802,0.0,16
mptrj,444,sevennet_geometry_only,forward_energy,aten::where,32.38700000000006,4.222999999999843,8.251000000000204,2
mptrj,444,sevennet_geometry_only,forward_energy,aten::scalar_tensor,8.215000000000032,0.8310000000000173,1.6270000000000664,1
mptrj,444,sevennet_geometry_only,forward_energy,aten::fill_,98.42499999999472,69.18200000000081,47.56799999999839,31
mptrj,444,sevennet_geometry_only,forward_energy,"void at::native::vectorized_elementwise_kernel<4, at::native::FillFunctor<float>, std::array<char*, 1ul> >(int, at::native::FillFunctor<float>, std::array<char*, 1ul>)",0.0,67.45400000000097,0.0,27
mptrj,444,sevennet_geometry_only,forward_energy,"void at::native::elementwise_kernel<128, 2, at::native::gpu_kernel_impl_nocast<at::native::(anonymous namespace)::where_kernel_impl(at::TensorIterator&)::{lambda()#1}::operator()() const::{lambda()#11}::operator()() const::{lambda(bool, float, float)#1}>(at::TensorIteratorBase&, at::native::(anonymous namespace)::where_kernel_impl(at::TensorIterator&)::{lambda()#1}::operator()() const::{lambda()#11}::operator()() const::{lambda(bool, float, float)#1} const&)::{lambda(int)#1}>(int, at::native::gpu_kernel_impl_nocast<at::native::(anonymous namespace)::where_kernel_impl(at::TensorIterator&)::{lambda()#1}::operator()() const::{lambda()#11}::operator()() const::{lambda(bool, float, float)#1}>(at::TensorIteratorBase&, at::native::(anonymous namespace)::where_kernel_impl(at::TensorIterator&)::{lambda()#1}::operator()() const::{lambda()#11}::operator()() const::{lambda(bool, float, float)#1} const&)::{lambda(int)#1})",0.0,1.6959999999999127,0.0,1
mptrj,444,sevennet_geometry_only,forward_energy,aten::clamp_min,6.484000000000037,1.024000000000001,4.136000000000081,1
mptrj,444,sevennet_geometry_only,forward_energy,"void at::native::vectorized_elementwise_kernel<4, at::native::(anonymous namespace)::launch_clamp_scalar(at::TensorIteratorBase&, c10::Scalar, c10::Scalar, at::native::detail::ClampLimits)::{lambda()#1}::operator()() const::{lambda()#7}::operator()() const::{lambda(float)#1}, std::array<char*, 2ul> >(int, at::native::(anonymous namespace)::launch_clamp_scalar(at::TensorIteratorBase&, c10::Scalar, c10::Scalar, at::native::detail::ClampLimits)::{lambda()#1}::operator()() const::{lambda()#7}::operator()() const::{lambda(float)#1}, std::array<char*, 2ul>)",0.0,1.024000000000001,0.0,1
mptrj,444,sevennet_geometry_only,forward_energy,aten::expand_as,10.662999999998874,0.0,3.2769999999990205,6
qm9_hf,29,sevennet_baseline,force_model,aten::clone,1784.2660000000078,448.35999999999365,188.38500000008253,205
qm9_hf,29,sevennet_baseline,force_model,aten::empty_strided,276.1669999999999,0.0,88.41699999999992,47
qm9_hf,29,sevennet_baseline,force_model,Unrecognized,187.75,0.0,187.75,1
qm9_hf,29,sevennet_baseline,force_model,aten::copy_,2730.891999999997,1147.696000000037,1188.192000000011,687
qm9_hf,29,sevennet_baseline,force_model,cudaMemcpyAsync,522.0670000000052,0.0,522.0670000000052,86
qm9_hf,29,sevennet_baseline,force_model,Memcpy DtoD (Device -> Device),0.0,113.57300000003158,0.0,80
qm9_hf,29,sevennet_baseline,force_model,aten::to,44.250999999983605,4.097000000000094,7.513999999983639,51
qm9_hf,29,sevennet_baseline,force_model,aten::_to_copy,36.736999999999966,4.097000000000094,5.508999999999901,4
qm9_hf,29,sevennet_baseline,force_model,cudaStreamSynchronize,19.602999999996996,0.0,19.602999999996996,6
qm9_hf,29,sevennet_baseline,force_model,Memcpy HtoD (Pageable -> Device),0.0,0.73599999999999,0.0,2
qm9_hf,29,sevennet_baseline,force_model,aten::index_select,16.694999999999936,1.9210000000000491,8.132000000000062,1
qm9_hf,29,sevennet_baseline,force_model,aten::empty,1038.4210000000626,0.0,1038.4210000000626,669
qm9_hf,29,sevennet_baseline,force_model,aten::resize_,11.223999999992543,0.0,11.223999999992543,8
qm9_hf,29,sevennet_baseline,force_model,cudaLaunchKernel,6831.771999999923,0.0,6831.771999999923,4066
qm9_hf,29,sevennet_baseline,force_model,"void at::native::(anonymous namespace)::indexSelectLargeIndex<long, long, unsigned int, 1, 1, -2, true>(at::cuda::detail::TensorInfo<long, unsigned int>, at::cuda::detail::TensorInfo<long const, unsigned int>, at::cuda::detail::TensorInfo<long const, unsigned int>, int, int, unsigned int, unsigned int, long)",0.0,1.9210000000000491,0.0,1
qm9_hf,29,sevennet_baseline,force_model,aten::lift_fresh,0.10099999999999909,0.0,0.10099999999999909,1
qm9_hf,29,sevennet_baseline,force_model,aten::detach_,1.15199999999993,0.0,0.7609999999998536,1
qm9_hf,29,sevennet_baseline,force_model,detach_,0.3910000000000764,0.0,0.3910000000000764,1
qm9_hf,29,sevennet_baseline,force_model,aten::linalg_norm,20.59299999999996,2.367999999999938,1.5499999999999545,1
qm9_hf,29,sevennet_baseline,force_model,aten::linalg_vector_norm,27.097999999999956,4.607999999999947,20.825000000000045,2
qm9_hf,29,sevennet_baseline,force_model,aten::as_strided,907.4719999998033,0.0,907.4719999998033,4713
qm9_hf,29,sevennet_baseline,force_model,"void at::native::reduce_kernel<512, 1, at::native::ReduceOp<float, at::native::NormTwoOps<float, float, float>, unsigned int, float, 4, 4> >(at::native::ReduceOp<float, at::native::NormTwoOps<float, float, float>, unsigned int, float, 4, 4>)",0.0,4.607999999999947,0.0,2
qm9_hf,29,sevennet_baseline,force_model,aten::unsqueeze,463.65799999998785,0.0,371.359999999995,509
qm9_hf,29,sevennet_baseline,force_model,aten::mul,6156.749999999928,2390.7600000000475,4044.379999999995,1249
qm9_hf,29,sevennet_baseline,force_model,"void at::native::elementwise_kernel<128, 2, at::native::gpu_kernel_impl_nocast<at::native::BinaryFunctor<float, float, float, at::native::binary_internal::MulFunctor<float> > >(at::TensorIteratorBase&, at::native::BinaryFunctor<float, float, float, at::native::binary_internal::MulFunctor<float> > const&)::{lambda(int)#1}>(int, at::native::gpu_kernel_impl_nocast<at::native::BinaryFunctor<float, float, float, at::native::binary_internal::MulFunctor<float> > >(at::TensorIteratorBase&, at::native::BinaryFunctor<float, float, float, at::native::binary_internal::MulFunctor<float> > const&)::{lambda(int)#1})",0.0,1870.6820000000052,0.0,835
qm9_hf,29,sevennet_baseline,force_model,aten::sin,8.219000000000051,1.759999999999991,5.511000000000081,1
qm9_hf,29,sevennet_baseline,force_model,"void at::native::vectorized_elementwise_kernel<4, at::native::sin_kernel_cuda(at::TensorIteratorBase&)::{lambda()#2}::operator()() const::{lambda()#2}::operator()() const::{lambda(float)#1}, std::array<char*, 2ul> >(int, at::native::sin_kernel_cuda(at::TensorIteratorBase&)::{lambda()#2}::operator()() const::{lambda()#2}::operator()() const::{lambda(float)#1}, std::array<char*, 2ul>)",0.0,1.759999999999991,0.0,1
qm9_hf,29,sevennet_baseline,force_model,"void at::native::vectorized_elementwise_kernel<4, at::native::AUnaryFunctor<float, float, float, at::native::binary_internal::MulFunctor<float> >, std::array<char*, 2ul> >(int, at::native::AUnaryFunctor<float, float, float, at::native::binary_internal::MulFunctor<float> >, std::array<char*, 2ul>)",0.0,268.1970000000415,0.0,247
qm9_hf,29,sevennet_baseline,force_model,aten::div,239.6289999999908,59.903000000008205,159.85299999999302,38
qm9_hf,29,sevennet_baseline,force_model,"void at::native::elementwise_kernel<128, 2, at::native::gpu_kernel_impl_nocast<at::native::BinaryFunctor<float, float, float, at::native::binary_internal::DivFunctor<float> > >(at::TensorIteratorBase&, at::native::BinaryFunctor<float, float, float, at::native::binary_internal::DivFunctor<float> > const&)::{lambda(int)#1}>(int, at::native::gpu_kernel_impl_nocast<at::native::BinaryFunctor<float, float, float, at::native::binary_internal::DivFunctor<float> > >(at::TensorIteratorBase&, at::native::BinaryFunctor<float, float, float, at::native::binary_internal::DivFunctor<float> > const&)::{lambda(int)#1})",0.0,37.375000000003524,0.0,21
qm9_hf,29,sevennet_baseline,force_model,"void at::native::vectorized_elementwise_kernel<4, at::native::BinaryFunctor<float, float, float, at::native::binary_internal::MulFunctor<float> >, std::array<char*, 3ul> >(int, at::native::BinaryFunctor<float, float, float, at::native::binary_internal::MulFunctor<float> >, std::array<char*, 3ul>)",0.0,20.993999999998323,0.0,18
qm9_hf,29,sevennet_baseline,force_model,aten::lt,8.093999999999937,1.2799999999999727,5.67999999999995,1
qm9_hf,29,sevennet_baseline,force_model,"void at::native::vectorized_elementwise_kernel<4, at::native::compare_scalar_kernel<float>(at::TensorIteratorBase&, at::native::(anonymous namespace)::OpType, float)::{lambda(float)#1}, std::array<char*, 2ul> >(int, at::native::compare_scalar_kernel<float>(at::TensorIteratorBase&, at::native::(anonymous namespace)::OpType, float)::{lambda(float)#1}, std::array<char*, 2ul>)",0.0,2.6880000000030577,0.0,2
qm9_hf,29,sevennet_baseline,force_model,aten::rsub,9.163000000000011,1.15199999999993,2.1920000000000073,1
qm9_hf,29,sevennet_baseline,force_model,aten::sub,19.66300000000183,3.2319999999983793,13.569000000003257,3
qm9_hf,29,sevennet_baseline,force_model,"void at::native::vectorized_elementwise_kernel<4, at::native::CUDAFunctorOnOther_add<float>, std::array<char*, 2ul> >(int, at::native::CUDAFunctorOnOther_add<float>, std::array<char*, 2ul>)",0.0,1.15199999999993,0.0,1
qm9_hf,29,sevennet_baseline,force_model,aten::pow,23.355000000001496,2.240000000002624,12.453999999999724,2
qm9_hf,29,sevennet_baseline,force_model,aten::result_type,0.3020000000026357,0.0,0.3020000000026357,2
qm9_hf,29,sevennet_baseline,force_model,"void at::native::vectorized_elementwise_kernel<4, at::native::(anonymous namespace)::pow_tensor_scalar_kernel_impl<float, float>(at::TensorIteratorBase&, float)::{lambda(float)#1}, std::array<char*, 2ul> >(int, at::native::(anonymous namespace)::pow_tensor_scalar_kernel_impl<float, float>(at::TensorIteratorBase&, float)::{lambda(float)#1}, std::array<char*, 2ul>)",0.0,1.1200000000000045,0.0,1
qm9_hf,29,sevennet_baseline,force_model,aten::add,501.926000000002,266.94200000001933,326.4700000000414,107
qm9_hf,29,sevennet_baseline,force_model,"void at::native::vectorized_elementwise_kernel<4, at::native::CUDAFunctorOnSelf_add<float>, std::array<char*, 2ul> >(int, at::native::CUDAFunctorOnSelf_add<float>, std::array<char*, 2ul>)",0.0,2.240000000000123,0.0,2
qm9_hf,29,sevennet_baseline,force_model,"void at::native::vectorized_elementwise_kernel<4, at::native::BUnaryFunctor<float, float, float, at::native::binary_internal::MulFunctor<float> >, std::array<char*, 2ul> >(int, at::native::BUnaryFunctor<float, float, float, at::native::binary_internal::MulFunctor<float> >, std::array<char*, 2ul>)",0.0,22.52800000000468,0.0,17
qm9_hf,29,sevennet_baseline,force_model,aten::where,65.55199999999854,10.079999999989468,19.72800000000848,5
qm9_hf,29,sevennet_baseline,force_model,aten::scalar_tensor,19.388999999998987,2.624000000002752,3.397999999997637,3
qm9_hf,29,sevennet_baseline,force_model,aten::fill_,1281.7929999999724,893.7109999999905,545.4469999999732,463
qm9_hf,29,sevennet_baseline,force_model,"void at::native::vectorized_elementwise_kernel<4, at::native::FillFunctor<float>, std::array<char*, 1ul> >(int, at::native::FillFunctor<float>, std::array<char*, 1ul>)",0.0,891.9199999999903,0.0,459
qm9_hf,29,sevennet_baseline,force_model,"void at::native::elementwise_kernel<128, 2, at::native::gpu_kernel_impl_nocast<at::native::(anonymous namespace)::where_kernel_impl(at::TensorIterator&)::{lambda()#1}::operator()() const::{lambda()#11}::operator()() const::{lambda(bool, float, float)#1}>(at::TensorIteratorBase&, at::native::(anonymous namespace)::where_kernel_impl(at::TensorIterator&)::{lambda()#1}::operator()() const::{lambda()#11}::operator()() const::{lambda(bool, float, float)#1} const&)::{lambda(int)#1}>(int, at::native::gpu_kernel_impl_nocast<at::native::(anonymous namespace)::where_kernel_impl(at::TensorIterator&)::{lambda()#1}::operator()() const::{lambda()#11}::operator()() const::{lambda(bool, float, float)#1}>(at::TensorIteratorBase&, at::native::(anonymous namespace)::where_kernel_impl(at::TensorIterator&)::{lambda()#1}::operator()() const::{lambda()#11}::operator()() const::{lambda(bool, float, float)#1} const&)::{lambda(int)#1})",0.0,4.991999999992572,0.0,3
qm9_hf,29,sevennet_baseline,force_model,aten::clamp_min,8.377000000000066,1.2480000000000473,5.793999999999983,1
qm9_hf,29,sevennet_baseline,force_model,"void at::native::vectorized_elementwise_kernel<4, at::native::(anonymous namespace)::launch_clamp_scalar(at::TensorIteratorBase&, c10::Scalar, c10::Scalar, at::native::detail::ClampLimits)::{lambda()#1}::operator()() const::{lambda()#7}::operator()() const::{lambda(float)#1}, std::array<char*, 2ul> >(int, at::native::(anonymous namespace)::launch_clamp_scalar(at::TensorIteratorBase&, c10::Scalar, c10::Scalar, at::native::detail::ClampLimits)::{lambda()#1}::operator()() const::{lambda()#7}::operator()() const::{lambda(float)#1}, std::array<char*, 2ul>)",0.0,1.2480000000000473,0.0,1
qm9_hf,29,sevennet_baseline,force_model,aten::expand_as,72.11200000001122,0.0,4.620000000002051,9
qm9_hf,29,sevennet_baseline,forward_energy,aten::clone,1151.9360000000042,303.5229999999969,112.60200000000185,102
qm9_hf,29,sevennet_baseline,forward_energy,aten::empty_strided,226.7229999999997,0.0,43.144999999999726,18
qm9_hf,29,sevennet_baseline,forward_energy,Unrecognized,183.57799999999997,0.0,183.57799999999997,1
qm9_hf,29,sevennet_baseline,forward_energy,aten::copy_,810.2389999999934,346.244000000001,307.1919999999996,134
qm9_hf,29,sevennet_baseline,forward_energy,cudaMemcpyAsync,293.6200000000001,0.0,293.6200000000001,17
qm9_hf,29,sevennet_baseline,forward_energy,Memcpy DtoD (Device -> Device),0.0,21.119999999999607,0.0,14
qm9_hf,29,sevennet_baseline,forward_energy,aten::to,38.98199999999724,4.097000000000207,3.4859999999976026,17
qm9_hf,29,sevennet_baseline,forward_energy,aten::_to_copy,35.49599999999964,4.097000000000207,5.031999999999698,4
qm9_hf,29,sevennet_baseline,forward_energy,cudaStreamSynchronize,9.354999999999677,0.0,9.354999999999677,3
qm9_hf,29,sevennet_baseline,forward_energy,Memcpy HtoD (Pageable -> Device),0.0,0.73700000000008,0.0,2
qm9_hf,29,sevennet_baseline,forward_energy,aten::index_select,16.882000000000062,1.9200000000000728,7.583000000000084,1
qm9_hf,29,sevennet_baseline,forward_energy,aten::empty,211.26999999999896,0.0,211.26999999999896,122
qm9_hf,29,sevennet_baseline,forward_energy,aten::resize_,3.2970000000000255,0.0,3.2970000000000255,2
qm9_hf,29,sevennet_baseline,forward_energy,cudaLaunchKernel,1949.656999999996,0.0,1949.656999999996,1098
qm9_hf,29,sevennet_baseline,forward_energy,"void at::native::(anonymous namespace)::indexSelectLargeIndex<long, long, unsigned int, 1, 1, -2, true>(at::cuda::detail::TensorInfo<long, unsigned int>, at::cuda::detail::TensorInfo<long const, unsigned int>, at::cuda::detail::TensorInfo<long const, unsigned int>, int, int, unsigned int, unsigned int, long)",0.0,1.9200000000000728,0.0,1
qm9_hf,29,sevennet_baseline,forward_energy,aten::lift_fresh,0.1089999999999236,0.0,0.1089999999999236,1
qm9_hf,29,sevennet_baseline,forward_energy,aten::detach_,1.2270000000000891,0.0,0.7250000000000227,1
qm9_hf,29,sevennet_baseline,forward_energy,detach_,0.5020000000000664,0.0,0.5020000000000664,1
qm9_hf,29,sevennet_baseline,forward_energy,aten::linalg_norm,14.767000000000053,2.4320000000000164,1.2069999999999936,1
qm9_hf,29,sevennet_baseline,forward_energy,aten::linalg_vector_norm,20.87000000000012,4.639999999999986,14.33500000000015,2
qm9_hf,29,sevennet_baseline,forward_energy,aten::as_strided,390.8790000000338,0.0,390.8790000000338,2299
qm9_hf,29,sevennet_baseline,forward_energy,"void at::native::reduce_kernel<512, 1, at::native::ReduceOp<float, at::native::NormTwoOps<float, float, float>, unsigned int, float, 4, 4> >(at::native::ReduceOp<float, at::native::NormTwoOps<float, float, float>, unsigned int, float, 4, 4>)",0.0,4.639999999999986,0.0,2
qm9_hf,29,sevennet_baseline,forward_energy,aten::unsqueeze,419.59499999999775,0.0,329.5759999999915,500
qm9_hf,29,sevennet_baseline,forward_energy,aten::mul,3486.396999999991,898.0340000000194,1889.3029999999867,508
qm9_hf,29,sevennet_baseline,forward_energy,"void at::native::elementwise_kernel<128, 2, at::native::gpu_kernel_impl_nocast<at::native::BinaryFunctor<float, float, float, at::native::binary_internal::MulFunctor<float> > >(at::TensorIteratorBase&, at::native::BinaryFunctor<float, float, float, at::native::binary_internal::MulFunctor<float> > const&)::{lambda(int)#1}>(int, at::native::gpu_kernel_impl_nocast<at::native::BinaryFunctor<float, float, float, at::native::binary_internal::MulFunctor<float> > >(at::TensorIteratorBase&, at::native::BinaryFunctor<float, float, float, at::native::binary_internal::MulFunctor<float> > const&)::{lambda(int)#1})",0.0,598.0690000000047,0.0,280
qm9_hf,29,sevennet_baseline,forward_energy,aten::sin,7.2409999999999854,1.761000000000081,4.600999999999999,1
qm9_hf,29,sevennet_baseline,forward_energy,"void at::native::vectorized_elementwise_kernel<4, at::native::sin_kernel_cuda(at::TensorIteratorBase&)::{lambda()#2}::operator()() const::{lambda()#2}::operator()() const::{lambda(float)#1}, std::array<char*, 2ul> >(int, at::native::sin_kernel_cuda(at::TensorIteratorBase&)::{lambda()#2}::operator()() const::{lambda()#2}::operator()() const::{lambda(float)#1}, std::array<char*, 2ul>)",0.0,1.761000000000081,0.0,1
qm9_hf,29,sevennet_baseline,forward_energy,"void at::native::vectorized_elementwise_kernel<4, at::native::AUnaryFunctor<float, float, float, at::native::binary_internal::MulFunctor<float> >, std::array<char*, 2ul> >(int, at::native::AUnaryFunctor<float, float, float, at::native::binary_internal::MulFunctor<float> >, std::array<char*, 2ul>)",0.0,135.96399999999824,0.0,125
qm9_hf,29,sevennet_baseline,forward_energy,aten::div,135.05500000000143,34.334999999998786,94.06099999999981,23
qm9_hf,29,sevennet_baseline,forward_energy,"void at::native::elementwise_kernel<128, 2, at::native::gpu_kernel_impl_nocast<at::native::BinaryFunctor<float, float, float, at::native::binary_internal::DivFunctor<float> > >(at::TensorIteratorBase&, at::native::BinaryFunctor<float, float, float, at::native::binary_internal::DivFunctor<float> > const&)::{lambda(int)#1}>(int, at::native::gpu_kernel_impl_nocast<at::native::BinaryFunctor<float, float, float, at::native::binary_internal::DivFunctor<float> > >(at::TensorIteratorBase&, at::native::BinaryFunctor<float, float, float, at::native::binary_internal::DivFunctor<float> > const&)::{lambda(int)#1})",0.0,13.183000000000447,0.0,7
qm9_hf,29,sevennet_baseline,forward_energy,"void at::native::vectorized_elementwise_kernel<4, at::native::BinaryFunctor<float, float, float, at::native::binary_internal::MulFunctor<float> >, std::array<char*, 3ul> >(int, at::native::BinaryFunctor<float, float, float, at::native::binary_internal::MulFunctor<float> >, std::array<char*, 3ul>)",0.0,3.3920000000000528,0.0,3
qm9_hf,29,sevennet_baseline,forward_energy,aten::lt,7.872999999999934,1.37600000000009,5.54099999999994,1
qm9_hf,29,sevennet_baseline,forward_energy,"void at::native::vectorized_elementwise_kernel<4, at::native::compare_scalar_kernel<float>(at::TensorIteratorBase&, at::native::(anonymous namespace)::OpType, float)::{lambda(float)#1}, std::array<char*, 2ul> >(int, at::native::compare_scalar_kernel<float>(at::TensorIteratorBase&, at::native::(anonymous namespace)::OpType, float)::{lambda(float)#1}, std::array<char*, 2ul>)",0.0,1.37600000000009,0.0,1
qm9_hf,29,sevennet_baseline,forward_energy,aten::rsub,8.615999999999985,1.2799999999999727,1.8039999999999736,1
qm9_hf,29,sevennet_baseline,forward_energy,aten::sub,11.177000000000021,2.368000000000052,7.324000000000069,2
qm9_hf,29,sevennet_baseline,forward_energy,"void at::native::vectorized_elementwise_kernel<4, at::native::CUDAFunctorOnOther_add<float>, std::array<char*, 2ul> >(int, at::native::CUDAFunctorOnOther_add<float>, std::array<char*, 2ul>)",0.0,1.2799999999999727,0.0,1
qm9_hf,29,sevennet_baseline,forward_energy,aten::pow,9.116999999999962,1.1200000000000045,6.289999999999964,1
qm9_hf,29,sevennet_baseline,forward_energy,aten::result_type,0.2799999999999727,0.0,0.2799999999999727,1
qm9_hf,29,sevennet_baseline,forward_energy,"void at::native::vectorized_elementwise_kernel<4, at::native::(anonymous namespace)::pow_tensor_scalar_kernel_impl<float, float>(at::TensorIteratorBase&, float)::{lambda(float)#1}, std::array<char*, 2ul> >(int, at::native::(anonymous namespace)::pow_tensor_scalar_kernel_impl<float, float>(at::TensorIteratorBase&, float)::{lambda(float)#1}, std::array<char*, 2ul>)",0.0,1.1200000000000045,0.0,1
qm9_hf,29,sevennet_baseline,forward_energy,aten::add,111.86200000000201,21.246999999997456,80.91600000000119,18
qm9_hf,29,sevennet_baseline,forward_energy,"void at::native::vectorized_elementwise_kernel<4, at::native::CUDAFunctorOnSelf_add<float>, std::array<char*, 2ul> >(int, at::native::CUDAFunctorOnSelf_add<float>, std::array<char*, 2ul>)",0.0,2.2080000000000837,0.0,2
qm9_hf,29,sevennet_baseline,forward_energy,"void at::native::vectorized_elementwise_kernel<4, at::native::BUnaryFunctor<float, float, float, at::native::binary_internal::MulFunctor<float> >, std::array<char*, 2ul> >(int, at::native::BUnaryFunctor<float, float, float, at::native::binary_internal::MulFunctor<float> >, std::array<char*, 2ul>)",0.0,21.15199999999834,0.0,16
qm9_hf,29,sevennet_baseline,forward_energy,aten::where,32.81299999999999,4.065000000000055,8.357000000000085,2
qm9_hf,29,sevennet_baseline,forward_energy,aten::scalar_tensor,8.621999999999957,0.8650000000000091,1.4930000000000518,1
qm9_hf,29,sevennet_baseline,forward_energy,aten::fill_,118.7510000000018,27.330000000002542,47.02599999999643,31
qm9_hf,29,sevennet_baseline,forward_energy,"void at::native::vectorized_elementwise_kernel<4, at::native::FillFunctor<float>, std::array<char*, 1ul> >(int, at::native::FillFunctor<float>, std::array<char*, 1ul>)",0.0,25.538000000002626,0.0,27
qm9_hf,29,sevennet_baseline,forward_energy,"void at::native::elementwise_kernel<128, 2, at::native::gpu_kernel_impl_nocast<at::native::(anonymous namespace)::where_kernel_impl(at::TensorIterator&)::{lambda()#1}::operator()() const::{lambda()#11}::operator()() const::{lambda(bool, float, float)#1}>(at::TensorIteratorBase&, at::native::(anonymous namespace)::where_kernel_impl(at::TensorIterator&)::{lambda()#1}::operator()() const::{lambda()#11}::operator()() const::{lambda(bool, float, float)#1} const&)::{lambda(int)#1}>(int, at::native::gpu_kernel_impl_nocast<at::native::(anonymous namespace)::where_kernel_impl(at::TensorIterator&)::{lambda()#1}::operator()() const::{lambda()#11}::operator()() const::{lambda(bool, float, float)#1}>(at::TensorIteratorBase&, at::native::(anonymous namespace)::where_kernel_impl(at::TensorIterator&)::{lambda()#1}::operator()() const::{lambda()#11}::operator()() const::{lambda(bool, float, float)#1} const&)::{lambda(int)#1})",0.0,1.6000000000000227,0.0,1
qm9_hf,29,sevennet_baseline,forward_energy,aten::clamp_min,6.410000000000082,1.2160000000000082,4.096000000000004,1
qm9_hf,29,sevennet_baseline,forward_energy,"void at::native::vectorized_elementwise_kernel<4, at::native::(anonymous namespace)::launch_clamp_scalar(at::TensorIteratorBase&, c10::Scalar, c10::Scalar, at::native::detail::ClampLimits)::{lambda()#1}::operator()() const::{lambda()#7}::operator()() const::{lambda(float)#1}, std::array<char*, 2ul> >(int, at::native::(anonymous namespace)::launch_clamp_scalar(at::TensorIteratorBase&, c10::Scalar, c10::Scalar, at::native::detail::ClampLimits)::{lambda()#1}::operator()() const::{lambda()#7}::operator()() const::{lambda(float)#1}, std::array<char*, 2ul>)",0.0,1.2160000000000082,0.0,1
qm9_hf,29,sevennet_baseline,forward_energy,aten::expand_as,10.658999999999423,0.0,3.305999999999244,6
qm9_hf,29,sevennet_geometry_only,force_model,aten::clone,1829.1629999999786,457.9859999999421,206.29800000001705,213
qm9_hf,29,sevennet_geometry_only,force_model,aten::empty_strided,294.38099999998434,0.0,102.31299999998436,56
qm9_hf,29,sevennet_geometry_only,force_model,Unrecognized,192.06799999999998,0.0,192.06799999999998,1
qm9_hf,29,sevennet_geometry_only,force_model,aten::copy_,2748.0429999999815,1159.2419999999704,1200.6929999999793,696
qm9_hf,29,sevennet_geometry_only,force_model,cudaMemcpyAsync,530.1789999999912,0.0,530.1789999999912,94
qm9_hf,29,sevennet_geometry_only,force_model,Memcpy DtoD (Device -> Device),0.0,122.21400000001927,0.0,88
qm9_hf,29,sevennet_geometry_only,force_model,aten::to,51.47699999998713,6.047999999999547,7.986999999986665,54
qm9_hf,29,sevennet_geometry_only,force_model,aten::_to_copy,43.490000000000464,6.047999999999547,6.278000000000247,5
qm9_hf,29,sevennet_geometry_only,force_model,cudaStreamSynchronize,19.553000000004772,0.0,19.553000000004772,6
qm9_hf,29,sevennet_geometry_only,force_model,Memcpy HtoD (Pageable -> Device),0.0,0.7359999999998763,0.0,2
qm9_hf,29,sevennet_geometry_only,force_model,aten::index_select,98.78300000000036,43.233000000001084,50.53500000000042,9
qm9_hf,29,sevennet_geometry_only,force_model,aten::empty,1059.9210000001026,0.0,1059.9210000001026,684
qm9_hf,29,sevennet_geometry_only,force_model,aten::resize_,20.978999999998223,0.0,20.978999999998223,16
qm9_hf,29,sevennet_geometry_only,force_model,cudaLaunchKernel,6859.6529999999775,0.0,6859.6529999999775,4105
qm9_hf,29,sevennet_geometry_only,force_model,"void at::native::(anonymous namespace)::indexSelectLargeIndex<long, long, unsigned int, 1, 1, -2, true>(at::cuda::detail::TensorInfo<long, unsigned int>, at::cuda::detail::TensorInfo<long const, unsigned int>, at::cuda::detail::TensorInfo<long const, unsigned int>, int, int, unsigned int, unsigned int, long)",0.0,1.8240000000000691,0.0,1
qm9_hf,29,sevennet_geometry_only,force_model,aten::lift_fresh,0.10099999999999909,0.0,0.10099999999999909,1
qm9_hf,29,sevennet_geometry_only,force_model,aten::detach_,1.099999999999909,0.0,0.7169999999998709,1
qm9_hf,29,sevennet_geometry_only,force_model,detach_,0.3830000000000382,0.0,0.3830000000000382,1
qm9_hf,29,sevennet_geometry_only,force_model,"void at::native::(anonymous namespace)::indexSelectLargeIndex<float, long, unsigned int, 2, 2, -2, true>(at::cuda::detail::TensorInfo<float, unsigned int>, at::cuda::detail::TensorInfo<float const, unsigned int>, at::cuda::detail::TensorInfo<long const, unsigned int>, int, int, unsigned int, unsigned int, long)",0.0,41.409000000001015,0.0,8
qm9_hf,29,sevennet_geometry_only,force_model,aten::linalg_norm,18.89199999999994,2.368000000000052,1.558999999999969,1
qm9_hf,29,sevennet_geometry_only,force_model,aten::linalg_vector_norm,25.25999999999999,4.5750000000000455,19.2109999999999,2
qm9_hf,29,sevennet_geometry_only,force_model,aten::as_strided,882.3359999998787,0.0,882.3359999998787,4716
qm9_hf,29,sevennet_geometry_only,force_model,"void at::native::reduce_kernel<512, 1, at::native::ReduceOp<float, at::native::NormTwoOps<float, float, float>, unsigned int, float, 4, 4> >(at::native::ReduceOp<float, at::native::NormTwoOps<float, float, float>, unsigned int, float, 4, 4>)",0.0,4.5750000000000455,0.0,2
qm9_hf,29,sevennet_geometry_only,force_model,aten::unsqueeze,467.56099999998673,0.0,376.52999999998474,512
qm9_hf,29,sevennet_geometry_only,force_model,aten::mul,6119.54499999996,2352.1460000000443,4035.823999999966,1253
qm9_hf,29,sevennet_geometry_only,force_model,"void at::native::elementwise_kernel<128, 2, at::native::gpu_kernel_impl_nocast<at::native::BinaryFunctor<float, float, float, at::native::binary_internal::MulFunctor<float> > >(at::TensorIteratorBase&, at::native::BinaryFunctor<float, float, float, at::native::binary_internal::MulFunctor<float> > const&)::{lambda(int)#1}>(int, at::native::gpu_kernel_impl_nocast<at::native::BinaryFunctor<float, float, float, at::native::binary_internal::MulFunctor<float> > >(at::TensorIteratorBase&, at::native::BinaryFunctor<float, float, float, at::native::binary_internal::MulFunctor<float> > const&)::{lambda(int)#1})",0.0,1831.8160000000157,0.0,837
qm9_hf,29,sevennet_geometry_only,force_model,aten::sin,8.329999999999927,1.7279999999999518,5.48599999999999,1
qm9_hf,29,sevennet_geometry_only,force_model,"void at::native::vectorized_elementwise_kernel<4, at::native::sin_kernel_cuda(at::TensorIteratorBase&)::{lambda()#2}::operator()() const::{lambda()#2}::operator()() const::{lambda(float)#1}, std::array<char*, 2ul> >(int, at::native::sin_kernel_cuda(at::TensorIteratorBase&)::{lambda()#2}::operator()() const::{lambda()#2}::operator()() const::{lambda(float)#1}, std::array<char*, 2ul>)",0.0,1.7279999999999518,0.0,1
qm9_hf,29,sevennet_geometry_only,force_model,"void at::native::vectorized_elementwise_kernel<4, at::native::AUnaryFunctor<float, float, float, at::native::binary_internal::MulFunctor<float> >, std::array<char*, 2ul> >(int, at::native::AUnaryFunctor<float, float, float, at::native::binary_internal::MulFunctor<float> >, std::array<char*, 2ul>)",0.0,271.5259999999922,0.0,247
qm9_hf,29,sevennet_geometry_only,force_model,aten::div,230.0949999999973,60.732999999991534,150.9159999999705,38
qm9_hf,29,sevennet_geometry_only,force_model,"void at::native::elementwise_kernel<128, 2, at::native::gpu_kernel_impl_nocast<at::native::BinaryFunctor<float, float, float, at::native::binary_internal::DivFunctor<float> > >(at::TensorIteratorBase&, at::native::BinaryFunctor<float, float, float, at::native::binary_internal::DivFunctor<float> > const&)::{lambda(int)#1}>(int, at::native::gpu_kernel_impl_nocast<at::native::BinaryFunctor<float, float, float, at::native::binary_internal::DivFunctor<float> > >(at::TensorIteratorBase&, at::native::BinaryFunctor<float, float, float, at::native::binary_internal::DivFunctor<float> > const&)::{lambda(int)#1})",0.0,37.692999999989866,0.0,21
qm9_hf,29,sevennet_geometry_only,force_model,"void at::native::vectorized_elementwise_kernel<4, at::native::BinaryFunctor<float, float, float, at::native::binary_internal::MulFunctor<float> >, std::array<char*, 3ul> >(int, at::native::BinaryFunctor<float, float, float, at::native::binary_internal::MulFunctor<float> >, std::array<char*, 3ul>)",0.0,23.42400000001635,0.0,20
qm9_hf,29,sevennet_geometry_only,force_model,aten::lt,8.583000000000084,1.1829999999999927,5.963000000000079,1
qm9_hf,29,sevennet_geometry_only,force_model,"void at::native::vectorized_elementwise_kernel<4, at::native::compare_scalar_kernel<float>(at::TensorIteratorBase&, at::native::(anonymous namespace)::OpType, float)::{lambda(float)#1}, std::array<char*, 2ul> >(int, at::native::compare_scalar_kernel<float>(at::TensorIteratorBase&, at::native::(anonymous namespace)::OpType, float)::{lambda(float)#1}, std::array<char*, 2ul>)",0.0,2.527000000004591,0.0,2
qm9_hf,29,sevennet_geometry_only,force_model,aten::rsub,9.891000000000076,1.0879999999999654,2.3020000000001346,1
qm9_hf,29,sevennet_geometry_only,force_model,aten::sub,25.411000000004947,4.096000000004892,17.328000000008274,4
qm9_hf,29,sevennet_geometry_only,force_model,"void at::native::vectorized_elementwise_kernel<4, at::native::CUDAFunctorOnOther_add<float>, std::array<char*, 2ul> >(int, at::native::CUDAFunctorOnOther_add<float>, std::array<char*, 2ul>)",0.0,1.0879999999999654,0.0,1
qm9_hf,29,sevennet_geometry_only,force_model,aten::pow,23.059999999995057,2.240000000001828,12.79199999999787,2
qm9_hf,29,sevennet_geometry_only,force_model,aten::result_type,0.2949999999989359,0.0,0.2949999999989359,2
qm9_hf,29,sevennet_geometry_only,force_model,"void at::native::vectorized_elementwise_kernel<4, at::native::(anonymous namespace)::pow_tensor_scalar_kernel_impl<float, float>(at::TensorIteratorBase&, float)::{lambda(float)#1}, std::array<char*, 2ul> >(int, at::native::(anonymous namespace)::pow_tensor_scalar_kernel_impl<float, float>(at::TensorIteratorBase&, float)::{lambda(float)#1}, std::array<char*, 2ul>)",0.0,1.0879999999999654,0.0,1
qm9_hf,29,sevennet_geometry_only,force_model,aten::add,518.082000000019,268.80000000000814,330.3730000000146,108
qm9_hf,29,sevennet_geometry_only,force_model,"void at::native::vectorized_elementwise_kernel<4, at::native::CUDAFunctorOnSelf_add<float>, std::array<char*, 2ul> >(int, at::native::CUDAFunctorOnSelf_add<float>, std::array<char*, 2ul>)",0.0,4.159999999999968,0.0,4
qm9_hf,29,sevennet_geometry_only,force_model,"void at::native::vectorized_elementwise_kernel<4, at::native::BUnaryFunctor<float, float, float, at::native::binary_internal::MulFunctor<float> >, std::array<char*, 2ul> >(int, at::native::BUnaryFunctor<float, float, float, at::native::binary_internal::MulFunctor<float> >, std::array<char*, 2ul>)",0.0,23.04000000000167,0.0,17
qm9_hf,29,sevennet_geometry_only,force_model,aten::where,64.48299999999733,10.048000000012053,19.543999999983612,5
qm9_hf,29,sevennet_geometry_only,force_model,aten::scalar_tensor,19.309000000004175,2.591999999996233,3.520999999998253,3
qm9_hf,29,sevennet_geometry_only,force_model,aten::fill_,1299.1529999999607,903.5080000000819,550.2439999999384,470
qm9_hf,29,sevennet_geometry_only,force_model,"void at::native::vectorized_elementwise_kernel<4, at::native::FillFunctor<float>, std::array<char*, 1ul> >(int, at::native::FillFunctor<float>, std::array<char*, 1ul>)",0.0,901.7150000000818,0.0,466
qm9_hf,29,sevennet_geometry_only,force_model,"void at::native::elementwise_kernel<128, 2, at::native::gpu_kernel_impl_nocast<at::native::(anonymous namespace)::where_kernel_impl(at::TensorIterator&)::{lambda()#1}::operator()() const::{lambda()#11}::operator()() const::{lambda(bool, float, float)#1}>(at::TensorIteratorBase&, at::native::(anonymous namespace)::where_kernel_impl(at::TensorIterator&)::{lambda()#1}::operator()() const::{lambda()#11}::operator()() const::{lambda(bool, float, float)#1} const&)::{lambda(int)#1}>(int, at::native::gpu_kernel_impl_nocast<at::native::(anonymous namespace)::where_kernel_impl(at::TensorIterator&)::{lambda()#1}::operator()() const::{lambda()#11}::operator()() const::{lambda(bool, float, float)#1}>(at::TensorIteratorBase&, at::native::(anonymous namespace)::where_kernel_impl(at::TensorIterator&)::{lambda()#1}::operator()() const::{lambda()#11}::operator()() const::{lambda(bool, float, float)#1} const&)::{lambda(int)#1})",0.0,4.992000000007124,0.0,3
qm9_hf,29,sevennet_geometry_only,force_model,aten::clamp_min,8.398000000000025,1.1520000000000437,5.998000000000047,1
qm9_hf,29,sevennet_geometry_only,force_model,"void at::native::vectorized_elementwise_kernel<4, at::native::(anonymous namespace)::launch_clamp_scalar(at::TensorIteratorBase&, c10::Scalar, c10::Scalar, at::native::detail::ClampLimits)::{lambda()#1}::operator()() const::{lambda()#7}::operator()() const::{lambda(float)#1}, std::array<char*, 2ul> >(int, at::native::(anonymous namespace)::launch_clamp_scalar(at::TensorIteratorBase&, c10::Scalar, c10::Scalar, at::native::detail::ClampLimits)::{lambda()#1}::operator()() const::{lambda()#7}::operator()() const::{lambda(float)#1}, std::array<char*, 2ul>)",0.0,1.1520000000000437,0.0,1
qm9_hf,29,sevennet_geometry_only,forward_energy,aten::clone,1263.2939999999953,309.38000000000636,122.67399999999776,110
qm9_hf,29,sevennet_geometry_only,forward_energy,aten::empty_strided,262.8760000000002,0.0,60.6790000000002,27
qm9_hf,29,sevennet_geometry_only,forward_energy,Unrecognized,202.197,0.0,202.197,1
qm9_hf,29,sevennet_geometry_only,forward_energy,aten::copy_,865.5159999999973,354.3080000000069,297.52499999999907,143
qm9_hf,29,sevennet_geometry_only,forward_energy,cudaMemcpyAsync,340.02300000000054,0.0,340.02300000000054,25
qm9_hf,29,sevennet_geometry_only,forward_energy,Memcpy DtoD (Device -> Device),0.0,29.98400000000072,0.0,22
qm9_hf,29,sevennet_geometry_only,forward_energy,aten::to,45.628000000001066,6.207999999999856,4.047000000001276,20
qm9_hf,29,sevennet_geometry_only,forward_energy,aten::_to_copy,41.58099999999979,6.207999999999856,5.781999999999698,5
qm9_hf,29,sevennet_geometry_only,forward_energy,cudaStreamSynchronize,9.308000000000789,0.0,9.308000000000789,3
qm9_hf,29,sevennet_geometry_only,forward_energy,Memcpy HtoD (Pageable -> Device),0.0,0.7360000000001037,0.0,2
qm9_hf,29,sevennet_geometry_only,forward_energy,aten::index_select,86.95999999999924,42.40199999999879,42.35399999999868,8
qm9_hf,29,sevennet_geometry_only,forward_energy,aten::empty,218.04599999998857,0.0,218.04599999998857,129
qm9_hf,29,sevennet_geometry_only,forward_energy,aten::resize_,13.566999999999439,0.0,13.566999999999439,9
qm9_hf,29,sevennet_geometry_only,forward_energy,cudaLaunchKernel,1979.2650000000021,0.0,1979.2650000000021,1116
qm9_hf,29,sevennet_geometry_only,forward_energy,"void at::native::(anonymous namespace)::indexSelectLargeIndex<long, long, unsigned int, 1, 1, -2, true>(at::cuda::detail::TensorInfo<long, unsigned int>, at::cuda::detail::TensorInfo<long const, unsigned int>, at::cuda::detail::TensorInfo<long const, unsigned int>, int, int, unsigned int, unsigned int, long)",0.0,1.7930000000000064,0.0,1
qm9_hf,29,sevennet_geometry_only,forward_energy,aten::lift_fresh,0.11200000000008004,0.0,0.11200000000008004,1
qm9_hf,29,sevennet_geometry_only,forward_energy,aten::detach_,1.5450000000000728,0.0,0.7649999999999864,1
qm9_hf,29,sevennet_geometry_only,forward_energy,detach_,0.7800000000000864,0.0,0.7800000000000864,1
qm9_hf,29,sevennet_geometry_only,forward_energy,aten::linalg_norm,15.525999999999954,2.4320000000000164,1.4549999999999272,1
qm9_hf,29,sevennet_geometry_only,forward_energy,aten::linalg_vector_norm,21.125,4.6400000000001,14.822999999999979,2
qm9_hf,29,sevennet_geometry_only,forward_energy,aten::as_strided,405.81300000000556,0.0,405.81300000000556,2302
qm9_hf,29,sevennet_geometry_only,forward_energy,"void at::native::reduce_kernel<512, 1, at::native::ReduceOp<float, at::native::NormTwoOps<float, float, float>, unsigned int, float, 4, 4> >(at::native::ReduceOp<float, at::native::NormTwoOps<float, float, float>, unsigned int, float, 4, 4>)",0.0,4.6400000000001,0.0,2
qm9_hf,29,sevennet_geometry_only,forward_energy,aten::unsqueeze,456.83199999999397,0.0,355.9829999999761,503
qm9_hf,29,sevennet_geometry_only,forward_energy,aten::mul,2745.7520000000113,859.5909999999964,1859.199000000018,511
qm9_hf,29,sevennet_geometry_only,forward_energy,"void at::native::elementwise_kernel<128, 2, at::native::gpu_kernel_impl_nocast<at::native::BinaryFunctor<float, float, float, at::native::binary_internal::MulFunctor<float> > >(at::TensorIteratorBase&, at::native::BinaryFunctor<float, float, float, at::native::binary_internal::MulFunctor<float> > const&)::{lambda(int)#1}>(int, at::native::gpu_kernel_impl_nocast<at::native::BinaryFunctor<float, float, float, at::native::binary_internal::MulFunctor<float> > >(at::TensorIteratorBase&, at::native::BinaryFunctor<float, float, float, at::native::binary_internal::MulFunctor<float> > const&)::{lambda(int)#1})",0.0,561.277000000004,0.0,282
qm9_hf,29,sevennet_geometry_only,forward_energy,aten::sin,7.497999999999934,1.6959999999999127,4.967999999999961,1
qm9_hf,29,sevennet_geometry_only,forward_energy,"void at::native::vectorized_elementwise_kernel<4, at::native::sin_kernel_cuda(at::TensorIteratorBase&)::{lambda()#2}::operator()() const::{lambda()#2}::operator()() const::{lambda(float)#1}, std::array<char*, 2ul> >(int, at::native::sin_kernel_cuda(at::TensorIteratorBase&)::{lambda()#2}::operator()() const::{lambda()#2}::operator()() const::{lambda(float)#1}, std::array<char*, 2ul>)",0.0,1.6959999999999127,0.0,1
qm9_hf,29,sevennet_geometry_only,forward_energy,"void at::native::vectorized_elementwise_kernel<4, at::native::AUnaryFunctor<float, float, float, at::native::binary_internal::MulFunctor<float> >, std::array<char*, 2ul> >(int, at::native::AUnaryFunctor<float, float, float, at::native::binary_internal::MulFunctor<float> >, std::array<char*, 2ul>)",0.0,137.86199999999644,0.0,125
qm9_hf,29,sevennet_geometry_only,forward_energy,aten::div,139.83900000000392,34.97500000000264,97.3080000000084,23
qm9_hf,29,sevennet_geometry_only,forward_energy,"void at::native::elementwise_kernel<128, 2, at::native::gpu_kernel_impl_nocast<at::native::BinaryFunctor<float, float, float, at::native::binary_internal::DivFunctor<float> > >(at::TensorIteratorBase&, at::native::BinaryFunctor<float, float, float, at::native::binary_internal::DivFunctor<float> > const&)::{lambda(int)#1}>(int, at::native::gpu_kernel_impl_nocast<at::native::BinaryFunctor<float, float, float, at::native::binary_internal::DivFunctor<float> > >(at::TensorIteratorBase&, at::native::BinaryFunctor<float, float, float, at::native::binary_internal::DivFunctor<float> > const&)::{lambda(int)#1})",0.0,13.184000000000765,0.0,7
qm9_hf,29,sevennet_geometry_only,forward_energy,"void at::native::vectorized_elementwise_kernel<4, at::native::BinaryFunctor<float, float, float, at::native::binary_internal::MulFunctor<float> >, std::array<char*, 3ul> >(int, at::native::BinaryFunctor<float, float, float, at::native::binary_internal::MulFunctor<float> >, std::array<char*, 3ul>)",0.0,4.544000000000096,0.0,4
qm9_hf,29,sevennet_geometry_only,forward_energy,aten::lt,8.197000000000003,1.3439999999999372,5.52699999999993,1
qm9_hf,29,sevennet_geometry_only,forward_energy,"void at::native::vectorized_elementwise_kernel<4, at::native::compare_scalar_kernel<float>(at::TensorIteratorBase&, at::native::(anonymous namespace)::OpType, float)::{lambda(float)#1}, std::array<char*, 2ul> >(int, at::native::compare_scalar_kernel<float>(at::TensorIteratorBase&, at::native::(anonymous namespace)::OpType, float)::{lambda(float)#1}, std::array<char*, 2ul>)",0.0,1.3439999999999372,0.0,1
qm9_hf,29,sevennet_geometry_only,forward_energy,aten::rsub,8.664999999999964,1.183999999999969,1.6449999999999818,1
qm9_hf,29,sevennet_geometry_only,forward_energy,aten::sub,16.976000000000113,3.328999999999951,11.128000000000156,3
qm9_hf,29,sevennet_geometry_only,forward_energy,"void at::native::vectorized_elementwise_kernel<4, at::native::CUDAFunctorOnOther_add<float>, std::array<char*, 2ul> >(int, at::native::CUDAFunctorOnOther_add<float>, std::array<char*, 2ul>)",0.0,1.183999999999969,0.0,1
qm9_hf,29,sevennet_geometry_only,forward_energy,aten::pow,9.502999999999929,1.05600000000004,6.756999999999948,1
qm9_hf,29,sevennet_geometry_only,forward_energy,aten::result_type,0.2419999999999618,0.0,0.2419999999999618,1
qm9_hf,29,sevennet_geometry_only,forward_energy,"void at::native::vectorized_elementwise_kernel<4, at::native::(anonymous namespace)::pow_tensor_scalar_kernel_impl<float, float>(at::TensorIteratorBase&, float)::{lambda(float)#1}, std::array<char*, 2ul> >(int, at::native::(anonymous namespace)::pow_tensor_scalar_kernel_impl<float, float>(at::TensorIteratorBase&, float)::{lambda(float)#1}, std::array<char*, 2ul>)",0.0,1.05600000000004,0.0,1
qm9_hf,29,sevennet_geometry_only,forward_energy,aten::add,117.66499999999951,21.951999999999316,84.66099999999813,19
qm9_hf,29,sevennet_geometry_only,forward_energy,"void at::native::vectorized_elementwise_kernel<4, at::native::CUDAFunctorOnSelf_add<float>, std::array<char*, 2ul> >(int, at::native::CUDAFunctorOnSelf_add<float>, std::array<char*, 2ul>)",0.0,4.32100000000014,0.0,4
qm9_hf,29,sevennet_geometry_only,forward_energy,"void at::native::vectorized_elementwise_kernel<4, at::native::BUnaryFunctor<float, float, float, at::native::binary_internal::MulFunctor<float> >, std::array<char*, 2ul> >(int, at::native::BUnaryFunctor<float, float, float, at::native::binary_internal::MulFunctor<float> >, std::array<char*, 2ul>)",0.0,21.791000000001873,0.0,16
qm9_hf,29,sevennet_geometry_only,forward_energy,aten::where,32.56299999999999,4.255999999999972,8.162999999999784,2
qm9_hf,29,sevennet_geometry_only,forward_energy,aten::scalar_tensor,8.648000000000025,0.863999999999919,1.481999999999971,1
qm9_hf,29,sevennet_geometry_only,forward_energy,aten::fill_,98.44699999999943,27.26600000000178,46.9739999999955,31
qm9_hf,29,sevennet_geometry_only,forward_energy,"void at::native::vectorized_elementwise_kernel<4, at::native::FillFunctor<float>, std::array<char*, 1ul> >(int, at::native::FillFunctor<float>, std::array<char*, 1ul>)",0.0,25.44200000000194,0.0,27
qm9_hf,29,sevennet_geometry_only,forward_energy,"void at::native::elementwise_kernel<128, 2, at::native::gpu_kernel_impl_nocast<at::native::(anonymous namespace)::where_kernel_impl(at::TensorIterator&)::{lambda()#1}::operator()() const::{lambda()#11}::operator()() const::{lambda(bool, float, float)#1}>(at::TensorIteratorBase&, at::native::(anonymous namespace)::where_kernel_impl(at::TensorIterator&)::{lambda()#1}::operator()() const::{lambda()#11}::operator()() const::{lambda(bool, float, float)#1} const&)::{lambda(int)#1}>(int, at::native::gpu_kernel_impl_nocast<at::native::(anonymous namespace)::where_kernel_impl(at::TensorIterator&)::{lambda()#1}::operator()() const::{lambda()#11}::operator()() const::{lambda(bool, float, float)#1}>(at::TensorIteratorBase&, at::native::(anonymous namespace)::where_kernel_impl(at::TensorIterator&)::{lambda()#1}::operator()() const::{lambda()#11}::operator()() const::{lambda(bool, float, float)#1} const&)::{lambda(int)#1})",0.0,1.6960000000000264,0.0,1
qm9_hf,29,sevennet_geometry_only,forward_energy,aten::clamp_min,6.521000000000072,1.183999999999969,4.249000000000137,1
qm9_hf,29,sevennet_geometry_only,forward_energy,"void at::native::vectorized_elementwise_kernel<4, at::native::(anonymous namespace)::launch_clamp_scalar(at::TensorIteratorBase&, c10::Scalar, c10::Scalar, at::native::detail::ClampLimits)::{lambda()#1}::operator()() const::{lambda()#7}::operator()() const::{lambda(float)#1}, std::array<char*, 2ul> >(int, at::native::(anonymous namespace)::launch_clamp_scalar(at::TensorIteratorBase&, c10::Scalar, c10::Scalar, at::native::detail::ClampLimits)::{lambda()#1}::operator()() const::{lambda()#7}::operator()() const::{lambda(float)#1}, std::array<char*, 2ul>)",0.0,1.183999999999969,0.0,1
qm9_hf,29,sevennet_geometry_only,forward_energy,aten::expand_as,10.449999999998681,0.0,3.335999999999217,6
