dataset,sample_id,modal,natoms,case,n_repeat,repeat_idx,stage,time_ms,calls,load
md22_dha,md22_DHA_45597,spice,56,e3nn_baseline,5,0,0_convolution.aggregation_ms,0.0492059625685215,1.0,1406.0
md22_dha,md22_DHA_45597,spice,56,e3nn_baseline,5,0,0_convolution.denominator_ms,0.010194024071097374,1.0,0.0
md22_dha,md22_DHA_45597,spice,56,e3nn_baseline,5,0,0_convolution.edge_src_gather_ms,0.013829907402396202,1.0,1406.0
md22_dha,md22_DHA_45597,spice,56,e3nn_baseline,5,0,0_convolution.message_tp_ms,2.6948179583996534,1.0,1406.0
md22_dha,md22_DHA_45597,spice,56,e3nn_baseline,5,0,0_convolution.total_ms,2.918123034760356,1.0,0.0
md22_dha,md22_DHA_45597,spice,56,e3nn_baseline,5,0,0_convolution.weight_nn_ms,0.0915799755603075,1.0,1406.0
md22_dha,md22_DHA_45597,spice,56,e3nn_baseline,5,0,1_convolution.aggregation_ms,0.07086596451699734,1.0,1406.0
md22_dha,md22_DHA_45597,spice,56,e3nn_baseline,5,0,1_convolution.denominator_ms,0.010633841156959534,1.0,0.0
md22_dha,md22_DHA_45597,spice,56,e3nn_baseline,5,0,1_convolution.edge_src_gather_ms,0.017762184143066406,1.0,1406.0
md22_dha,md22_DHA_45597,spice,56,e3nn_baseline,5,0,1_convolution.message_tp_ms,12.083513895049691,1.0,1406.0
md22_dha,md22_DHA_45597,spice,56,e3nn_baseline,5,0,1_convolution.total_ms,12.333553051576018,1.0,0.0
md22_dha,md22_DHA_45597,spice,56,e3nn_baseline,5,0,1_convolution.weight_nn_ms,0.09374809451401234,1.0,1406.0
md22_dha,md22_DHA_45597,spice,56,e3nn_baseline,5,0,2_convolution.aggregation_ms,0.11862814426422119,1.0,1406.0
md22_dha,md22_DHA_45597,spice,56,e3nn_baseline,5,0,2_convolution.denominator_ms,0.011550961062312126,1.0,0.0
md22_dha,md22_DHA_45597,spice,56,e3nn_baseline,5,0,2_convolution.edge_src_gather_ms,0.021676067262887955,1.0,1406.0
md22_dha,md22_DHA_45597,spice,56,e3nn_baseline,5,0,2_convolution.message_tp_ms,21.347529022023082,1.0,1406.0
md22_dha,md22_DHA_45597,spice,56,e3nn_baseline,5,0,2_convolution.total_ms,21.659620804712176,1.0,0.0
md22_dha,md22_DHA_45597,spice,56,e3nn_baseline,5,0,2_convolution.weight_nn_ms,0.10428787209093571,1.0,1406.0
md22_dha,md22_DHA_45597,spice,56,e3nn_baseline,5,0,3_convolution.aggregation_ms,0.16648415476083755,1.0,1406.0
md22_dha,md22_DHA_45597,spice,56,e3nn_baseline,5,0,3_convolution.denominator_ms,0.011774012818932533,1.0,0.0
md22_dha,md22_DHA_45597,spice,56,e3nn_baseline,5,0,3_convolution.edge_src_gather_ms,0.023046042770147324,1.0,1406.0
md22_dha,md22_DHA_45597,spice,56,e3nn_baseline,5,0,3_convolution.message_tp_ms,22.684405092149973,1.0,1406.0
md22_dha,md22_DHA_45597,spice,56,e3nn_baseline,5,0,3_convolution.total_ms,23.04447488859296,1.0,0.0
md22_dha,md22_DHA_45597,spice,56,e3nn_baseline,5,0,3_convolution.weight_nn_ms,0.10283198207616806,1.0,1406.0
md22_dha,md22_DHA_45597,spice,56,e3nn_baseline,5,0,4_convolution.aggregation_ms,0.045733992010354996,1.0,1406.0
md22_dha,md22_DHA_45597,spice,56,e3nn_baseline,5,0,4_convolution.denominator_ms,0.010607996955513954,1.0,0.0
md22_dha,md22_DHA_45597,spice,56,e3nn_baseline,5,0,4_convolution.edge_src_gather_ms,0.016266945749521255,1.0,1406.0
md22_dha,md22_DHA_45597,spice,56,e3nn_baseline,5,0,4_convolution.message_tp_ms,3.0446320306509733,1.0,1406.0
md22_dha,md22_DHA_45597,spice,56,e3nn_baseline,5,0,4_convolution.total_ms,3.257746808230877,1.0,0.0
md22_dha,md22_DHA_45597,spice,56,e3nn_baseline,5,0,4_convolution.weight_nn_ms,0.08431798778474331,1.0,1406.0
md22_dha,md22_DHA_45597,spice,56,e3nn_baseline,5,0,edge_embedding.cutoff_ms,0.08517317473888397,1.0,1406.0
md22_dha,md22_DHA_45597,spice,56,e3nn_baseline,5,0,edge_embedding.edge_length_norm_ms,0.02236105501651764,1.0,1406.0
md22_dha,md22_DHA_45597,spice,56,e3nn_baseline,5,0,edge_embedding.radial_basis_ms,0.03897910937666893,1.0,1406.0
md22_dha,md22_DHA_45597,spice,56,e3nn_baseline,5,0,edge_embedding.radial_combine_ms,0.00912696123123169,1.0,11248.0
md22_dha,md22_DHA_45597,spice,56,e3nn_baseline,5,0,edge_embedding.spherical_harmonics_ms,0.2841460518538952,1.0,1406.0
md22_dha,md22_DHA_45597,spice,56,e3nn_baseline,5,0,model_total_ms,155.5686539504677,1.0,0.0
md22_dha,md22_DHA_45597,spice,56,e3nn_baseline,5,0,top_force_output_ms,27.159603079780936,1.0,0.0
md22_dha,md22_DHA_45597,spice,56,e3nn_baseline,5,0,top_input_embedding_ms,0.9384569711983204,3.0,0.0
md22_dha,md22_DHA_45597,spice,56,e3nn_baseline,5,0,top_interaction_other_ms,60.479036532342434,25.0,0.0
md22_dha,md22_DHA_45597,spice,56,e3nn_baseline,5,0,top_readout_ms,2.7731270529329777,4.0,0.0
md22_dha,md22_DHA_45597,spice,56,e3nn_baseline,5,1,0_convolution.aggregation_ms,0.0492120161652565,1.0,1406.0
md22_dha,md22_DHA_45597,spice,56,e3nn_baseline,5,1,0_convolution.denominator_ms,0.010316958650946617,1.0,0.0
md22_dha,md22_DHA_45597,spice,56,e3nn_baseline,5,1,0_convolution.edge_src_gather_ms,0.013969140127301216,1.0,1406.0
md22_dha,md22_DHA_45597,spice,56,e3nn_baseline,5,1,0_convolution.message_tp_ms,2.6539990212768316,1.0,1406.0
md22_dha,md22_DHA_45597,spice,56,e3nn_baseline,5,1,0_convolution.total_ms,2.8810082003474236,1.0,0.0
md22_dha,md22_DHA_45597,spice,56,e3nn_baseline,5,1,0_convolution.weight_nn_ms,0.09630108252167702,1.0,1406.0
md22_dha,md22_DHA_45597,spice,56,e3nn_baseline,5,1,1_convolution.aggregation_ms,0.07367413491010666,1.0,1406.0
md22_dha,md22_DHA_45597,spice,56,e3nn_baseline,5,1,1_convolution.denominator_ms,0.010665971785783768,1.0,0.0
md22_dha,md22_DHA_45597,spice,56,e3nn_baseline,5,1,1_convolution.edge_src_gather_ms,0.01705600880086422,1.0,1406.0
md22_dha,md22_DHA_45597,spice,56,e3nn_baseline,5,1,1_convolution.message_tp_ms,12.280037859454751,1.0,1406.0
md22_dha,md22_DHA_45597,spice,56,e3nn_baseline,5,1,1_convolution.total_ms,12.532046996057034,1.0,0.0
md22_dha,md22_DHA_45597,spice,56,e3nn_baseline,5,1,1_convolution.weight_nn_ms,0.09309896267950535,1.0,1406.0
md22_dha,md22_DHA_45597,spice,56,e3nn_baseline,5,1,2_convolution.aggregation_ms,0.11992407962679863,1.0,1406.0
md22_dha,md22_DHA_45597,spice,56,e3nn_baseline,5,1,2_convolution.denominator_ms,0.011652940884232521,1.0,0.0
md22_dha,md22_DHA_45597,spice,56,e3nn_baseline,5,1,2_convolution.edge_src_gather_ms,0.02209213562309742,1.0,1406.0
md22_dha,md22_DHA_45597,spice,56,e3nn_baseline,5,1,2_convolution.message_tp_ms,21.341411164030433,1.0,1406.0
md22_dha,md22_DHA_45597,spice,56,e3nn_baseline,5,1,2_convolution.total_ms,21.654193056747317,1.0,0.0
md22_dha,md22_DHA_45597,spice,56,e3nn_baseline,5,1,2_convolution.weight_nn_ms,0.10177795775234699,1.0,1406.0
md22_dha,md22_DHA_45597,spice,56,e3nn_baseline,5,1,3_convolution.aggregation_ms,0.1454520970582962,1.0,1406.0
md22_dha,md22_DHA_45597,spice,56,e3nn_baseline,5,1,3_convolution.denominator_ms,0.011977972462773323,1.0,0.0
md22_dha,md22_DHA_45597,spice,56,e3nn_baseline,5,1,3_convolution.edge_src_gather_ms,0.023197848349809647,1.0,1406.0
md22_dha,md22_DHA_45597,spice,56,e3nn_baseline,5,1,3_convolution.message_tp_ms,22.759104846045375,1.0,1406.0
md22_dha,md22_DHA_45597,spice,56,e3nn_baseline,5,1,3_convolution.total_ms,23.097243160009384,1.0,0.0
md22_dha,md22_DHA_45597,spice,56,e3nn_baseline,5,1,3_convolution.weight_nn_ms,0.10198797099292278,1.0,1406.0
md22_dha,md22_DHA_45597,spice,56,e3nn_baseline,5,1,4_convolution.aggregation_ms,0.04536495544016361,1.0,1406.0
md22_dha,md22_DHA_45597,spice,56,e3nn_baseline,5,1,4_convolution.denominator_ms,0.011014984920620918,1.0,0.0
md22_dha,md22_DHA_45597,spice,56,e3nn_baseline,5,1,4_convolution.edge_src_gather_ms,0.016462057828903198,1.0,1406.0
md22_dha,md22_DHA_45597,spice,56,e3nn_baseline,5,1,4_convolution.message_tp_ms,3.024986945092678,1.0,1406.0
md22_dha,md22_DHA_45597,spice,56,e3nn_baseline,5,1,4_convolution.total_ms,3.244635881856084,1.0,0.0
md22_dha,md22_DHA_45597,spice,56,e3nn_baseline,5,1,4_convolution.weight_nn_ms,0.09010708890855312,1.0,1406.0
md22_dha,md22_DHA_45597,spice,56,e3nn_baseline,5,1,edge_embedding.cutoff_ms,0.08090096525847912,1.0,1406.0
md22_dha,md22_DHA_45597,spice,56,e3nn_baseline,5,1,edge_embedding.edge_length_norm_ms,0.02206815406680107,1.0,1406.0
md22_dha,md22_DHA_45597,spice,56,e3nn_baseline,5,1,edge_embedding.radial_basis_ms,0.0392179936170578,1.0,1406.0
md22_dha,md22_DHA_45597,spice,56,e3nn_baseline,5,1,edge_embedding.radial_combine_ms,0.009143026545643806,1.0,11248.0
md22_dha,md22_DHA_45597,spice,56,e3nn_baseline,5,1,edge_embedding.spherical_harmonics_ms,0.28894911520183086,1.0,1406.0
md22_dha,md22_DHA_45597,spice,56,e3nn_baseline,5,1,model_total_ms,155.37896286696196,1.0,0.0
md22_dha,md22_DHA_45597,spice,56,e3nn_baseline,5,1,top_force_output_ms,27.060580207034945,1.0,0.0
md22_dha,md22_DHA_45597,spice,56,e3nn_baseline,5,1,top_input_embedding_ms,0.9332690387964249,3.0,0.0
md22_dha,md22_DHA_45597,spice,56,e3nn_baseline,5,1,top_interaction_other_ms,60.184590984135866,25.0,0.0
md22_dha,md22_DHA_45597,spice,56,e3nn_baseline,5,1,top_readout_ms,2.79529788531363,4.0,0.0
md22_dha,md22_DHA_45597,spice,56,e3nn_baseline,5,2,0_convolution.aggregation_ms,0.05328794941306114,1.0,1406.0
md22_dha,md22_DHA_45597,spice,56,e3nn_baseline,5,2,0_convolution.denominator_ms,0.0103069469332695,1.0,0.0
md22_dha,md22_DHA_45597,spice,56,e3nn_baseline,5,2,0_convolution.edge_src_gather_ms,0.013780081644654274,1.0,1406.0
md22_dha,md22_DHA_45597,spice,56,e3nn_baseline,5,2,0_convolution.message_tp_ms,2.666209125891328,1.0,1406.0
md22_dha,md22_DHA_45597,spice,56,e3nn_baseline,5,2,0_convolution.total_ms,2.892143093049526,1.0,0.0
md22_dha,md22_DHA_45597,spice,56,e3nn_baseline,5,2,0_convolution.weight_nn_ms,0.09102304466068745,1.0,1406.0
md22_dha,md22_DHA_45597,spice,56,e3nn_baseline,5,2,1_convolution.aggregation_ms,0.07133814506232738,1.0,1406.0
md22_dha,md22_DHA_45597,spice,56,e3nn_baseline,5,2,1_convolution.denominator_ms,0.010634073987603188,1.0,0.0
md22_dha,md22_DHA_45597,spice,56,e3nn_baseline,5,2,1_convolution.edge_src_gather_ms,0.018059974536299706,1.0,1406.0
md22_dha,md22_DHA_45597,spice,56,e3nn_baseline,5,2,1_convolution.message_tp_ms,12.079712934792042,1.0,1406.0
md22_dha,md22_DHA_45597,spice,56,e3nn_baseline,5,2,1_convolution.total_ms,12.329408898949623,1.0,0.0
md22_dha,md22_DHA_45597,spice,56,e3nn_baseline,5,2,1_convolution.weight_nn_ms,0.09418604895472527,1.0,1406.0
md22_dha,md22_DHA_45597,spice,56,e3nn_baseline,5,2,2_convolution.aggregation_ms,0.11613615788519382,1.0,1406.0
md22_dha,md22_DHA_45597,spice,56,e3nn_baseline,5,2,2_convolution.denominator_ms,0.011267140507698059,1.0,0.0
md22_dha,md22_DHA_45597,spice,56,e3nn_baseline,5,2,2_convolution.edge_src_gather_ms,0.022508902475237846,1.0,1406.0
md22_dha,md22_DHA_45597,spice,56,e3nn_baseline,5,2,2_convolution.message_tp_ms,21.301168017089367,1.0,1406.0
md22_dha,md22_DHA_45597,spice,56,e3nn_baseline,5,2,2_convolution.total_ms,21.61011309362948,1.0,0.0
md22_dha,md22_DHA_45597,spice,56,e3nn_baseline,5,2,2_convolution.weight_nn_ms,0.10207598097622395,1.0,1406.0
md22_dha,md22_DHA_45597,spice,56,e3nn_baseline,5,2,3_convolution.aggregation_ms,0.14549493789672852,1.0,1406.0
md22_dha,md22_DHA_45597,spice,56,e3nn_baseline,5,2,3_convolution.denominator_ms,0.011907890439033508,1.0,0.0
md22_dha,md22_DHA_45597,spice,56,e3nn_baseline,5,2,3_convolution.edge_src_gather_ms,0.023313099518418312,1.0,1406.0
md22_dha,md22_DHA_45597,spice,56,e3nn_baseline,5,2,3_convolution.message_tp_ms,22.790122078731656,1.0,1406.0
md22_dha,md22_DHA_45597,spice,56,e3nn_baseline,5,2,3_convolution.total_ms,23.131004069000483,1.0,0.0
md22_dha,md22_DHA_45597,spice,56,e3nn_baseline,5,2,3_convolution.weight_nn_ms,0.10381708852946758,1.0,1406.0
md22_dha,md22_DHA_45597,spice,56,e3nn_baseline,5,2,4_convolution.aggregation_ms,0.044664833694696426,1.0,1406.0
md22_dha,md22_DHA_45597,spice,56,e3nn_baseline,5,2,4_convolution.denominator_ms,0.009912066161632538,1.0,0.0
md22_dha,md22_DHA_45597,spice,56,e3nn_baseline,5,2,4_convolution.edge_src_gather_ms,0.0163388904184103,1.0,1406.0
md22_dha,md22_DHA_45597,spice,56,e3nn_baseline,5,2,4_convolution.message_tp_ms,3.0279408674687147,1.0,1406.0
md22_dha,md22_DHA_45597,spice,56,e3nn_baseline,5,2,4_convolution.total_ms,3.236832097172737,1.0,0.0
md22_dha,md22_DHA_45597,spice,56,e3nn_baseline,5,2,4_convolution.weight_nn_ms,0.08413894101977348,1.0,1406.0
md22_dha,md22_DHA_45597,spice,56,e3nn_baseline,5,2,edge_embedding.cutoff_ms,0.11269096285104752,1.0,1406.0
md22_dha,md22_DHA_45597,spice,56,e3nn_baseline,5,2,edge_embedding.edge_length_norm_ms,0.02273404970765114,1.0,1406.0
md22_dha,md22_DHA_45597,spice,56,e3nn_baseline,5,2,edge_embedding.radial_basis_ms,0.03906502388417721,1.0,1406.0
md22_dha,md22_DHA_45597,spice,56,e3nn_baseline,5,2,edge_embedding.radial_combine_ms,0.009893905371427536,1.0,11248.0
md22_dha,md22_DHA_45597,spice,56,e3nn_baseline,5,2,edge_embedding.spherical_harmonics_ms,0.28565991669893265,1.0,1406.0
md22_dha,md22_DHA_45597,spice,56,e3nn_baseline,5,2,model_total_ms,155.84277012385428,1.0,0.0
md22_dha,md22_DHA_45597,spice,56,e3nn_baseline,5,2,top_force_output_ms,27.199208037927747,1.0,0.0
md22_dha,md22_DHA_45597,spice,56,e3nn_baseline,5,2,top_input_embedding_ms,0.9294631890952587,3.0,0.0
md22_dha,md22_DHA_45597,spice,56,e3nn_baseline,5,2,top_interaction_other_ms,60.68130908533931,25.0,0.0
md22_dha,md22_DHA_45597,spice,56,e3nn_baseline,5,2,top_readout_ms,2.801463007926941,4.0,0.0
md22_dha,md22_DHA_45597,spice,56,e3nn_baseline,5,3,0_convolution.aggregation_ms,0.04880293272435665,1.0,1406.0
md22_dha,md22_DHA_45597,spice,56,e3nn_baseline,5,3,0_convolution.denominator_ms,0.010303221642971039,1.0,0.0
md22_dha,md22_DHA_45597,spice,56,e3nn_baseline,5,3,0_convolution.edge_src_gather_ms,0.014032935723662376,1.0,1406.0
md22_dha,md22_DHA_45597,spice,56,e3nn_baseline,5,3,0_convolution.message_tp_ms,2.652053954079747,1.0,1406.0
md22_dha,md22_DHA_45597,spice,56,e3nn_baseline,5,3,0_convolution.total_ms,2.8836920391768217,1.0,0.0
md22_dha,md22_DHA_45597,spice,56,e3nn_baseline,5,3,0_convolution.weight_nn_ms,0.09634392336010933,1.0,1406.0
md22_dha,md22_DHA_45597,spice,56,e3nn_baseline,5,3,1_convolution.aggregation_ms,0.0706708524376154,1.0,1406.0
md22_dha,md22_DHA_45597,spice,56,e3nn_baseline,5,3,1_convolution.denominator_ms,0.01051207073032856,1.0,0.0
md22_dha,md22_DHA_45597,spice,56,e3nn_baseline,5,3,1_convolution.edge_src_gather_ms,0.018273014575242996,1.0,1406.0
md22_dha,md22_DHA_45597,spice,56,e3nn_baseline,5,3,1_convolution.message_tp_ms,12.07522302865982,1.0,1406.0
md22_dha,md22_DHA_45597,spice,56,e3nn_baseline,5,3,1_convolution.total_ms,12.325137853622437,1.0,0.0
md22_dha,md22_DHA_45597,spice,56,e3nn_baseline,5,3,1_convolution.weight_nn_ms,0.09369500912725925,1.0,1406.0
md22_dha,md22_DHA_45597,spice,56,e3nn_baseline,5,3,2_convolution.aggregation_ms,0.11744513176381588,1.0,1406.0
md22_dha,md22_DHA_45597,spice,56,e3nn_baseline,5,3,2_convolution.denominator_ms,0.011558178812265396,1.0,0.0
md22_dha,md22_DHA_45597,spice,56,e3nn_baseline,5,3,2_convolution.edge_src_gather_ms,0.022517982870340347,1.0,1406.0
md22_dha,md22_DHA_45597,spice,56,e3nn_baseline,5,3,2_convolution.message_tp_ms,21.671850932762027,1.0,1406.0
md22_dha,md22_DHA_45597,spice,56,e3nn_baseline,5,3,2_convolution.total_ms,21.980704041197896,1.0,0.0
md22_dha,md22_DHA_45597,spice,56,e3nn_baseline,5,3,2_convolution.weight_nn_ms,0.10012020356953144,1.0,1406.0
md22_dha,md22_DHA_45597,spice,56,e3nn_baseline,5,3,3_convolution.aggregation_ms,0.1468921545892954,1.0,1406.0
md22_dha,md22_DHA_45597,spice,56,e3nn_baseline,5,3,3_convolution.denominator_ms,0.012224074453115463,1.0,0.0
md22_dha,md22_DHA_45597,spice,56,e3nn_baseline,5,3,3_convolution.edge_src_gather_ms,0.02338388003408909,1.0,1406.0
md22_dha,md22_DHA_45597,spice,56,e3nn_baseline,5,3,3_convolution.message_tp_ms,22.688732016831636,1.0,1406.0
md22_dha,md22_DHA_45597,spice,56,e3nn_baseline,5,3,3_convolution.total_ms,23.030933924019337,1.0,0.0
md22_dha,md22_DHA_45597,spice,56,e3nn_baseline,5,3,3_convolution.weight_nn_ms,0.10474305599927902,1.0,1406.0
md22_dha,md22_DHA_45597,spice,56,e3nn_baseline,5,3,4_convolution.aggregation_ms,0.046083005145192146,1.0,1406.0
md22_dha,md22_DHA_45597,spice,56,e3nn_baseline,5,3,4_convolution.denominator_ms,0.010405899956822395,1.0,0.0
md22_dha,md22_DHA_45597,spice,56,e3nn_baseline,5,3,4_convolution.edge_src_gather_ms,0.016430160030722618,1.0,1406.0
md22_dha,md22_DHA_45597,spice,56,e3nn_baseline,5,3,4_convolution.message_tp_ms,3.0057269614189863,1.0,1406.0
md22_dha,md22_DHA_45597,spice,56,e3nn_baseline,5,3,4_convolution.total_ms,3.2220359425991774,1.0,0.0
md22_dha,md22_DHA_45597,spice,56,e3nn_baseline,5,3,4_convolution.weight_nn_ms,0.08578598499298096,1.0,1406.0
md22_dha,md22_DHA_45597,spice,56,e3nn_baseline,5,3,edge_embedding.cutoff_ms,0.08026184514164925,1.0,1406.0
md22_dha,md22_DHA_45597,spice,56,e3nn_baseline,5,3,edge_embedding.edge_length_norm_ms,0.022334977984428406,1.0,1406.0
md22_dha,md22_DHA_45597,spice,56,e3nn_baseline,5,3,edge_embedding.radial_basis_ms,0.03850087523460388,1.0,1406.0
md22_dha,md22_DHA_45597,spice,56,e3nn_baseline,5,3,edge_embedding.radial_combine_ms,0.008961185812950134,1.0,11248.0
md22_dha,md22_DHA_45597,spice,56,e3nn_baseline,5,3,edge_embedding.spherical_harmonics_ms,0.28502708300948143,1.0,1406.0
md22_dha,md22_DHA_45597,spice,56,e3nn_baseline,5,3,model_total_ms,156.41905181109905,1.0,0.0
md22_dha,md22_DHA_45597,spice,56,e3nn_baseline,5,3,top_force_output_ms,28.028805973008275,1.0,0.0
md22_dha,md22_DHA_45597,spice,56,e3nn_baseline,5,3,top_input_embedding_ms,0.9398979600518942,3.0,0.0
md22_dha,md22_DHA_45597,spice,56,e3nn_baseline,5,3,top_interaction_other_ms,60.24754047393799,25.0,0.0
md22_dha,md22_DHA_45597,spice,56,e3nn_baseline,5,3,top_readout_ms,2.7841469272971153,4.0,0.0
md22_dha,md22_DHA_45597,spice,56,e3nn_baseline,5,4,0_convolution.aggregation_ms,0.05199294537305832,1.0,1406.0
md22_dha,md22_DHA_45597,spice,56,e3nn_baseline,5,4,0_convolution.denominator_ms,0.010496936738491058,1.0,0.0
md22_dha,md22_DHA_45597,spice,56,e3nn_baseline,5,4,0_convolution.edge_src_gather_ms,0.014598015695810318,1.0,1406.0
md22_dha,md22_DHA_45597,spice,56,e3nn_baseline,5,4,0_convolution.message_tp_ms,2.643459942191839,1.0,1406.0
md22_dha,md22_DHA_45597,spice,56,e3nn_baseline,5,4,0_convolution.total_ms,2.874185098335147,1.0,0.0
md22_dha,md22_DHA_45597,spice,56,e3nn_baseline,5,4,0_convolution.weight_nn_ms,0.0967599917203188,1.0,1406.0
md22_dha,md22_DHA_45597,spice,56,e3nn_baseline,5,4,1_convolution.aggregation_ms,0.07177609950304031,1.0,1406.0
md22_dha,md22_DHA_45597,spice,56,e3nn_baseline,5,4,1_convolution.denominator_ms,0.010448973625898361,1.0,0.0
md22_dha,md22_DHA_45597,spice,56,e3nn_baseline,5,4,1_convolution.edge_src_gather_ms,0.017557991668581963,1.0,1406.0
md22_dha,md22_DHA_45597,spice,56,e3nn_baseline,5,4,1_convolution.message_tp_ms,11.998711852356791,1.0,1406.0
md22_dha,md22_DHA_45597,spice,56,e3nn_baseline,5,4,1_convolution.total_ms,12.249101884663105,1.0,0.0
md22_dha,md22_DHA_45597,spice,56,e3nn_baseline,5,4,1_convolution.weight_nn_ms,0.09394390508532524,1.0,1406.0
md22_dha,md22_DHA_45597,spice,56,e3nn_baseline,5,4,2_convolution.aggregation_ms,0.11875387281179428,1.0,1406.0
md22_dha,md22_DHA_45597,spice,56,e3nn_baseline,5,4,2_convolution.denominator_ms,0.011462951079010963,1.0,0.0
md22_dha,md22_DHA_45597,spice,56,e3nn_baseline,5,4,2_convolution.edge_src_gather_ms,0.021985964849591255,1.0,1406.0
md22_dha,md22_DHA_45597,spice,56,e3nn_baseline,5,4,2_convolution.message_tp_ms,21.497143898159266,1.0,1406.0
md22_dha,md22_DHA_45597,spice,56,e3nn_baseline,5,4,2_convolution.total_ms,21.806071046739817,1.0,0.0
md22_dha,md22_DHA_45597,spice,56,e3nn_baseline,5,4,2_convolution.weight_nn_ms,0.10033510625362396,1.0,1406.0
md22_dha,md22_DHA_45597,spice,56,e3nn_baseline,5,4,3_convolution.aggregation_ms,0.14624511823058128,1.0,1406.0
md22_dha,md22_DHA_45597,spice,56,e3nn_baseline,5,4,3_convolution.denominator_ms,0.01167389564216137,1.0,0.0
md22_dha,md22_DHA_45597,spice,56,e3nn_baseline,5,4,3_convolution.edge_src_gather_ms,0.02363789826631546,1.0,1406.0
md22_dha,md22_DHA_45597,spice,56,e3nn_baseline,5,4,3_convolution.message_tp_ms,22.599582793191075,1.0,1406.0
md22_dha,md22_DHA_45597,spice,56,e3nn_baseline,5,4,3_convolution.total_ms,22.940865950658917,1.0,0.0
md22_dha,md22_DHA_45597,spice,56,e3nn_baseline,5,4,3_convolution.weight_nn_ms,0.10438100434839725,1.0,1406.0
md22_dha,md22_DHA_45597,spice,56,e3nn_baseline,5,4,4_convolution.aggregation_ms,0.04521012306213379,1.0,1406.0
md22_dha,md22_DHA_45597,spice,56,e3nn_baseline,5,4,4_convolution.denominator_ms,0.010011019185185432,1.0,0.0
md22_dha,md22_DHA_45597,spice,56,e3nn_baseline,5,4,4_convolution.edge_src_gather_ms,0.016600126400589943,1.0,1406.0
md22_dha,md22_DHA_45597,spice,56,e3nn_baseline,5,4,4_convolution.message_tp_ms,3.01905395463109,1.0,1406.0
md22_dha,md22_DHA_45597,spice,56,e3nn_baseline,5,4,4_convolution.total_ms,3.2332150731235743,1.0,0.0
md22_dha,md22_DHA_45597,spice,56,e3nn_baseline,5,4,4_convolution.weight_nn_ms,0.08571287617087364,1.0,1406.0
md22_dha,md22_DHA_45597,spice,56,e3nn_baseline,5,4,edge_embedding.cutoff_ms,0.08839298970997334,1.0,1406.0
md22_dha,md22_DHA_45597,spice,56,e3nn_baseline,5,4,edge_embedding.edge_length_norm_ms,0.0238718930631876,1.0,1406.0
md22_dha,md22_DHA_45597,spice,56,e3nn_baseline,5,4,edge_embedding.radial_basis_ms,0.040909042581915855,1.0,1406.0
md22_dha,md22_DHA_45597,spice,56,e3nn_baseline,5,4,edge_embedding.radial_combine_ms,0.00882311724126339,1.0,11248.0
md22_dha,md22_DHA_45597,spice,56,e3nn_baseline,5,4,edge_embedding.spherical_harmonics_ms,0.2938751131296158,1.0,1406.0
md22_dha,md22_DHA_45597,spice,56,e3nn_baseline,5,4,model_total_ms,155.3354598581791,1.0,0.0
md22_dha,md22_DHA_45597,spice,56,e3nn_baseline,5,4,top_force_output_ms,27.193520916625857,1.0,0.0
md22_dha,md22_DHA_45597,spice,56,e3nn_baseline,5,4,top_input_embedding_ms,0.9555078577250242,3.0,0.0
md22_dha,md22_DHA_45597,spice,56,e3nn_baseline,5,4,top_interaction_other_ms,60.27897051535547,25.0,0.0
md22_dha,md22_DHA_45597,spice,56,e3nn_baseline,5,4,top_readout_ms,2.7886470779776573,4.0,0.0
md22_dha,md22_DHA_45597,spice,56,e3nn_pair_full,5,0,0_convolution.denominator_ms,0.009760959073901176,1.0,0.0
md22_dha,md22_DHA_45597,spice,56,e3nn_pair_full,5,0,0_convolution.forward_aggregation_ms,0.04561012610793114,1.0,703.0
md22_dha,md22_DHA_45597,spice,56,e3nn_pair_full,5,0,0_convolution.forward_dst_index_ms,0.007638940587639809,1.0,703.0
md22_dha,md22_DHA_45597,spice,56,e3nn_pair_full,5,0,0_convolution.forward_filter_gather_ms,0.007802154868841171,1.0,703.0
md22_dha,md22_DHA_45597,spice,56,e3nn_pair_full,5,0,0_convolution.forward_message_tp_ms,0.1431980635970831,1.0,703.0
md22_dha,md22_DHA_45597,spice,56,e3nn_pair_full,5,0,0_convolution.forward_src_gather_ms,0.00941404141485691,1.0,703.0
md22_dha,md22_DHA_45597,spice,56,e3nn_pair_full,5,0,0_convolution.forward_src_index_ms,0.013208948075771332,1.0,703.0
md22_dha,md22_DHA_45597,spice,56,e3nn_pair_full,5,0,0_convolution.reverse_aggregation_ms,0.040741171687841415,1.0,703.0
md22_dha,md22_DHA_45597,spice,56,e3nn_pair_full,5,0,0_convolution.reverse_dst_index_ms,0.008121132850646973,1.0,703.0
md22_dha,md22_DHA_45597,spice,56,e3nn_pair_full,5,0,0_convolution.reverse_filter_gather_ms,0.0077339354902505875,1.0,703.0
md22_dha,md22_DHA_45597,spice,56,e3nn_pair_full,5,0,0_convolution.reverse_message_tp_ms,0.12276810593903065,1.0,703.0
md22_dha,md22_DHA_45597,spice,56,e3nn_pair_full,5,0,0_convolution.reverse_src_gather_ms,0.008889008313417435,1.0,703.0
md22_dha,md22_DHA_45597,spice,56,e3nn_pair_full,5,0,0_convolution.reverse_src_index_ms,0.00933581031858921,1.0,703.0
md22_dha,md22_DHA_45597,spice,56,e3nn_pair_full,5,0,0_convolution.reverse_weight_select_ms,0.009316019713878632,1.0,703.0
md22_dha,md22_DHA_45597,spice,56,e3nn_pair_full,5,0,0_convolution.total_ms,0.7193658966571093,1.0,0.0
md22_dha,md22_DHA_45597,spice,56,e3nn_pair_full,5,0,0_convolution.weight_nn_ms,0.09879306890070438,1.0,703.0
md22_dha,md22_DHA_45597,spice,56,e3nn_pair_full,5,0,1_convolution.denominator_ms,0.01013302244246006,1.0,0.0
md22_dha,md22_DHA_45597,spice,56,e3nn_pair_full,5,0,1_convolution.forward_aggregation_ms,0.05437689833343029,1.0,703.0
md22_dha,md22_DHA_45597,spice,56,e3nn_pair_full,5,0,1_convolution.forward_dst_index_ms,0.007955124601721764,1.0,703.0
md22_dha,md22_DHA_45597,spice,56,e3nn_pair_full,5,0,1_convolution.forward_filter_gather_ms,0.007757917046546936,1.0,703.0
md22_dha,md22_DHA_45597,spice,56,e3nn_pair_full,5,0,1_convolution.forward_message_tp_ms,0.8212660904973745,1.0,703.0
md22_dha,md22_DHA_45597,spice,56,e3nn_pair_full,5,0,1_convolution.forward_src_gather_ms,0.011049909517168999,1.0,703.0
md22_dha,md22_DHA_45597,spice,56,e3nn_pair_full,5,0,1_convolution.forward_src_index_ms,0.012149102985858917,1.0,703.0
md22_dha,md22_DHA_45597,spice,56,e3nn_pair_full,5,0,1_convolution.reverse_aggregation_ms,0.05575595423579216,1.0,703.0
md22_dha,md22_DHA_45597,spice,56,e3nn_pair_full,5,0,1_convolution.reverse_dst_index_ms,0.007446156814694405,1.0,703.0
md22_dha,md22_DHA_45597,spice,56,e3nn_pair_full,5,0,1_convolution.reverse_filter_gather_ms,0.008180970326066017,1.0,703.0
md22_dha,md22_DHA_45597,spice,56,e3nn_pair_full,5,0,1_convolution.reverse_message_tp_ms,0.8087421301752329,1.0,703.0
md22_dha,md22_DHA_45597,spice,56,e3nn_pair_full,5,0,1_convolution.reverse_src_gather_ms,0.015218975022435188,1.0,703.0
md22_dha,md22_DHA_45597,spice,56,e3nn_pair_full,5,0,1_convolution.reverse_src_index_ms,0.009824056178331375,1.0,703.0
md22_dha,md22_DHA_45597,spice,56,e3nn_pair_full,5,0,1_convolution.reverse_weight_select_ms,0.015913043171167374,1.0,703.0
md22_dha,md22_DHA_45597,spice,56,e3nn_pair_full,5,0,1_convolution.total_ms,2.110893838107586,1.0,0.0
md22_dha,md22_DHA_45597,spice,56,e3nn_pair_full,5,0,1_convolution.weight_nn_ms,0.09313412010669708,1.0,703.0
md22_dha,md22_DHA_45597,spice,56,e3nn_pair_full,5,0,2_convolution.denominator_ms,0.011401018127799034,1.0,0.0
md22_dha,md22_DHA_45597,spice,56,e3nn_pair_full,5,0,2_convolution.forward_aggregation_ms,0.07123895920813084,1.0,703.0
md22_dha,md22_DHA_45597,spice,56,e3nn_pair_full,5,0,2_convolution.forward_dst_index_ms,0.0076249707490205765,1.0,703.0
md22_dha,md22_DHA_45597,spice,56,e3nn_pair_full,5,0,2_convolution.forward_filter_gather_ms,0.008117873221635818,1.0,703.0
md22_dha,md22_DHA_45597,spice,56,e3nn_pair_full,5,0,2_convolution.forward_message_tp_ms,1.4480850659310818,1.0,703.0
md22_dha,md22_DHA_45597,spice,56,e3nn_pair_full,5,0,2_convolution.forward_src_gather_ms,0.013141892850399017,1.0,703.0
md22_dha,md22_DHA_45597,spice,56,e3nn_pair_full,5,0,2_convolution.forward_src_index_ms,0.013467157259583473,1.0,703.0
md22_dha,md22_DHA_45597,spice,56,e3nn_pair_full,5,0,2_convolution.reverse_aggregation_ms,0.07037189789116383,1.0,703.0
md22_dha,md22_DHA_45597,spice,56,e3nn_pair_full,5,0,2_convolution.reverse_dst_index_ms,0.007382826879620552,1.0,703.0
md22_dha,md22_DHA_45597,spice,56,e3nn_pair_full,5,0,2_convolution.reverse_filter_gather_ms,0.007902970537543297,1.0,703.0
md22_dha,md22_DHA_45597,spice,56,e3nn_pair_full,5,0,2_convolution.reverse_message_tp_ms,1.423792913556099,1.0,703.0
md22_dha,md22_DHA_45597,spice,56,e3nn_pair_full,5,0,2_convolution.reverse_src_gather_ms,0.012492993846535683,1.0,703.0
md22_dha,md22_DHA_45597,spice,56,e3nn_pair_full,5,0,2_convolution.reverse_src_index_ms,0.010139774531126022,1.0,703.0
md22_dha,md22_DHA_45597,spice,56,e3nn_pair_full,5,0,2_convolution.reverse_weight_select_ms,0.025924062356352806,1.0,703.0
md22_dha,md22_DHA_45597,spice,56,e3nn_pair_full,5,0,2_convolution.total_ms,3.4167319536209106,1.0,0.0
md22_dha,md22_DHA_45597,spice,56,e3nn_pair_full,5,0,2_convolution.weight_nn_ms,0.10001915507018566,1.0,703.0
md22_dha,md22_DHA_45597,spice,56,e3nn_pair_full,5,0,3_convolution.denominator_ms,0.011659925803542137,1.0,0.0
md22_dha,md22_DHA_45597,spice,56,e3nn_pair_full,5,0,3_convolution.forward_aggregation_ms,0.0713779591023922,1.0,703.0
md22_dha,md22_DHA_45597,spice,56,e3nn_pair_full,5,0,3_convolution.forward_dst_index_ms,0.007760012522339821,1.0,703.0
md22_dha,md22_DHA_45597,spice,56,e3nn_pair_full,5,0,3_convolution.forward_filter_gather_ms,0.00789295881986618,1.0,703.0
md22_dha,md22_DHA_45597,spice,56,e3nn_pair_full,5,0,3_convolution.forward_message_tp_ms,1.5117060393095016,1.0,703.0
md22_dha,md22_DHA_45597,spice,56,e3nn_pair_full,5,0,3_convolution.forward_src_gather_ms,0.0135740265250206,1.0,703.0
md22_dha,md22_DHA_45597,spice,56,e3nn_pair_full,5,0,3_convolution.forward_src_index_ms,0.012241071090102196,1.0,703.0
md22_dha,md22_DHA_45597,spice,56,e3nn_pair_full,5,0,3_convolution.reverse_aggregation_ms,0.07882807403802872,1.0,703.0
md22_dha,md22_DHA_45597,spice,56,e3nn_pair_full,5,0,3_convolution.reverse_dst_index_ms,0.0076070427894592285,1.0,703.0
md22_dha,md22_DHA_45597,spice,56,e3nn_pair_full,5,0,3_convolution.reverse_filter_gather_ms,0.008078059181571007,1.0,703.0
md22_dha,md22_DHA_45597,spice,56,e3nn_pair_full,5,0,3_convolution.reverse_message_tp_ms,1.6041018534451723,1.0,703.0
md22_dha,md22_DHA_45597,spice,56,e3nn_pair_full,5,0,3_convolution.reverse_src_gather_ms,0.013052020221948624,1.0,703.0
md22_dha,md22_DHA_45597,spice,56,e3nn_pair_full,5,0,3_convolution.reverse_src_index_ms,0.01040496863424778,1.0,703.0
md22_dha,md22_DHA_45597,spice,56,e3nn_pair_full,5,0,3_convolution.reverse_weight_select_ms,0.027792062610387802,1.0,703.0
md22_dha,md22_DHA_45597,spice,56,e3nn_pair_full,5,0,3_convolution.total_ms,3.655291860923171,1.0,0.0
md22_dha,md22_DHA_45597,spice,56,e3nn_pair_full,5,0,3_convolution.weight_nn_ms,0.09670993313193321,1.0,703.0
md22_dha,md22_DHA_45597,spice,56,e3nn_pair_full,5,0,4_convolution.denominator_ms,0.009854091331362724,1.0,0.0
md22_dha,md22_DHA_45597,spice,56,e3nn_pair_full,5,0,4_convolution.forward_aggregation_ms,0.0409809872508049,1.0,703.0
md22_dha,md22_DHA_45597,spice,56,e3nn_pair_full,5,0,4_convolution.forward_dst_index_ms,0.0076410360634326935,1.0,703.0
md22_dha,md22_DHA_45597,spice,56,e3nn_pair_full,5,0,4_convolution.forward_filter_gather_ms,0.00799098052084446,1.0,703.0
md22_dha,md22_DHA_45597,spice,56,e3nn_pair_full,5,0,4_convolution.forward_message_tp_ms,0.17235404811799526,1.0,703.0
md22_dha,md22_DHA_45597,spice,56,e3nn_pair_full,5,0,4_convolution.forward_src_gather_ms,0.011116033419966698,1.0,703.0
md22_dha,md22_DHA_45597,spice,56,e3nn_pair_full,5,0,4_convolution.forward_src_index_ms,0.011752825230360031,1.0,703.0
md22_dha,md22_DHA_45597,spice,56,e3nn_pair_full,5,0,4_convolution.reverse_aggregation_ms,0.039993785321712494,1.0,703.0
md22_dha,md22_DHA_45597,spice,56,e3nn_pair_full,5,0,4_convolution.reverse_dst_index_ms,0.008763978257775307,1.0,703.0
md22_dha,md22_DHA_45597,spice,56,e3nn_pair_full,5,0,4_convolution.reverse_filter_gather_ms,0.008055008947849274,1.0,703.0
md22_dha,md22_DHA_45597,spice,56,e3nn_pair_full,5,0,4_convolution.reverse_message_tp_ms,0.15437998808920383,1.0,703.0
md22_dha,md22_DHA_45597,spice,56,e3nn_pair_full,5,0,4_convolution.reverse_src_gather_ms,0.014143995940685272,1.0,703.0
md22_dha,md22_DHA_45597,spice,56,e3nn_pair_full,5,0,4_convolution.reverse_src_index_ms,0.00926596112549305,1.0,703.0
md22_dha,md22_DHA_45597,spice,56,e3nn_pair_full,5,0,4_convolution.reverse_weight_select_ms,0.008776085451245308,1.0,703.0
md22_dha,md22_DHA_45597,spice,56,e3nn_pair_full,5,0,4_convolution.total_ms,0.788459088653326,1.0,0.0
md22_dha,md22_DHA_45597,spice,56,e3nn_pair_full,5,0,4_convolution.weight_nn_ms,0.11904304847121239,1.0,703.0
md22_dha,md22_DHA_45597,spice,56,e3nn_pair_full,5,0,edge_embedding.cutoff_ms,0.08437084034085274,1.0,703.0
md22_dha,md22_DHA_45597,spice,56,e3nn_pair_full,5,0,edge_embedding.edge_attr_expand_ms,0.007763039320707321,1.0,1406.0
md22_dha,md22_DHA_45597,spice,56,e3nn_pair_full,5,0,edge_embedding.edge_attr_sign_apply_ms,0.008821021765470505,1.0,22496.0
md22_dha,md22_DHA_45597,spice,56,e3nn_pair_full,5,0,edge_embedding.edge_embedding_expand_ms,0.008264090865850449,1.0,1406.0
md22_dha,md22_DHA_45597,spice,56,e3nn_pair_full,5,0,edge_embedding.edge_length_expand_ms,0.013274839147925377,1.0,1406.0
md22_dha,md22_DHA_45597,spice,56,e3nn_pair_full,5,0,edge_embedding.edge_length_norm_ms,0.019490951672196388,1.0,703.0
md22_dha,md22_DHA_45597,spice,56,e3nn_pair_full,5,0,edge_embedding.pair_vec_select_ms,0.016351928934454918,1.0,703.0
md22_dha,md22_DHA_45597,spice,56,e3nn_pair_full,5,0,edge_embedding.radial_basis_ms,0.041623134166002274,1.0,703.0
md22_dha,md22_DHA_45597,spice,56,e3nn_pair_full,5,0,edge_embedding.radial_combine_ms,0.009273877367377281,1.0,5624.0
md22_dha,md22_DHA_45597,spice,56,e3nn_pair_full,5,0,edge_embedding.reverse_sign_ms,0.024308916181325912,1.0,22496.0
md22_dha,md22_DHA_45597,spice,56,e3nn_pair_full,5,0,edge_embedding.spherical_harmonics_ms,0.3033601678907871,1.0,703.0
md22_dha,md22_DHA_45597,spice,56,e3nn_pair_full,5,0,model_total_ms,117.88745294325054,1.0,0.0
md22_dha,md22_DHA_45597,spice,56,e3nn_pair_full,5,0,top_force_output_ms,40.91903194785118,1.0,0.0
md22_dha,md22_DHA_45597,spice,56,e3nn_pair_full,5,0,top_input_embedding_ms,1.0044057853519917,3.0,0.0
md22_dha,md22_DHA_45597,spice,56,e3nn_pair_full,5,0,top_interaction_other_ms,61.305825132876635,25.0,0.0
md22_dha,md22_DHA_45597,spice,56,e3nn_pair_full,5,0,top_readout_ms,2.7862947899848223,4.0,0.0
md22_dha,md22_DHA_45597,spice,56,e3nn_pair_full,5,1,0_convolution.denominator_ms,0.009985873475670815,1.0,0.0
md22_dha,md22_DHA_45597,spice,56,e3nn_pair_full,5,1,0_convolution.forward_aggregation_ms,0.041604042053222656,1.0,703.0
md22_dha,md22_DHA_45597,spice,56,e3nn_pair_full,5,1,0_convolution.forward_dst_index_ms,0.007539987564086914,1.0,703.0
md22_dha,md22_DHA_45597,spice,56,e3nn_pair_full,5,1,0_convolution.forward_filter_gather_ms,0.007742084562778473,1.0,703.0
md22_dha,md22_DHA_45597,spice,56,e3nn_pair_full,5,1,0_convolution.forward_message_tp_ms,0.13510603457689285,1.0,703.0
md22_dha,md22_DHA_45597,spice,56,e3nn_pair_full,5,1,0_convolution.forward_src_gather_ms,0.0093081034719944,1.0,703.0
md22_dha,md22_DHA_45597,spice,56,e3nn_pair_full,5,1,0_convolution.forward_src_index_ms,0.012071104720234871,1.0,703.0
md22_dha,md22_DHA_45597,spice,56,e3nn_pair_full,5,1,0_convolution.reverse_aggregation_ms,0.040011946111917496,1.0,703.0
md22_dha,md22_DHA_45597,spice,56,e3nn_pair_full,5,1,0_convolution.reverse_dst_index_ms,0.007583992555737495,1.0,703.0
md22_dha,md22_DHA_45597,spice,56,e3nn_pair_full,5,1,0_convolution.reverse_filter_gather_ms,0.008197035640478134,1.0,703.0
md22_dha,md22_DHA_45597,spice,56,e3nn_pair_full,5,1,0_convolution.reverse_message_tp_ms,0.12151990085840225,1.0,703.0
md22_dha,md22_DHA_45597,spice,56,e3nn_pair_full,5,1,0_convolution.reverse_src_gather_ms,0.008781906217336655,1.0,703.0
md22_dha,md22_DHA_45597,spice,56,e3nn_pair_full,5,1,0_convolution.reverse_src_index_ms,0.008854083716869354,1.0,703.0
md22_dha,md22_DHA_45597,spice,56,e3nn_pair_full,5,1,0_convolution.reverse_weight_select_ms,0.009292969480156898,1.0,703.0
md22_dha,md22_DHA_45597,spice,56,e3nn_pair_full,5,1,0_convolution.total_ms,0.6881640292704105,1.0,0.0
md22_dha,md22_DHA_45597,spice,56,e3nn_pair_full,5,1,0_convolution.weight_nn_ms,0.09501283057034016,1.0,703.0
md22_dha,md22_DHA_45597,spice,56,e3nn_pair_full,5,1,1_convolution.denominator_ms,0.010111834853887558,1.0,0.0
md22_dha,md22_DHA_45597,spice,56,e3nn_pair_full,5,1,1_convolution.forward_aggregation_ms,0.05225487984716892,1.0,703.0
md22_dha,md22_DHA_45597,spice,56,e3nn_pair_full,5,1,1_convolution.forward_dst_index_ms,0.007517170161008835,1.0,703.0
md22_dha,md22_DHA_45597,spice,56,e3nn_pair_full,5,1,1_convolution.forward_filter_gather_ms,0.00841100700199604,1.0,703.0
md22_dha,md22_DHA_45597,spice,56,e3nn_pair_full,5,1,1_convolution.forward_message_tp_ms,0.813809921965003,1.0,703.0
md22_dha,md22_DHA_45597,spice,56,e3nn_pair_full,5,1,1_convolution.forward_src_gather_ms,0.010772142559289932,1.0,703.0
md22_dha,md22_DHA_45597,spice,56,e3nn_pair_full,5,1,1_convolution.forward_src_index_ms,0.01181894913315773,1.0,703.0
md22_dha,md22_DHA_45597,spice,56,e3nn_pair_full,5,1,1_convolution.reverse_aggregation_ms,0.055546872317790985,1.0,703.0
md22_dha,md22_DHA_45597,spice,56,e3nn_pair_full,5,1,1_convolution.reverse_dst_index_ms,0.007334863767027855,1.0,703.0
md22_dha,md22_DHA_45597,spice,56,e3nn_pair_full,5,1,1_convolution.reverse_filter_gather_ms,0.007989117875695229,1.0,703.0
md22_dha,md22_DHA_45597,spice,56,e3nn_pair_full,5,1,1_convolution.reverse_message_tp_ms,0.7950928993523121,1.0,703.0
md22_dha,md22_DHA_45597,spice,56,e3nn_pair_full,5,1,1_convolution.reverse_src_gather_ms,0.010541873052716255,1.0,703.0
md22_dha,md22_DHA_45597,spice,56,e3nn_pair_full,5,1,1_convolution.reverse_src_index_ms,0.009434996172785759,1.0,703.0
md22_dha,md22_DHA_45597,spice,56,e3nn_pair_full,5,1,1_convolution.reverse_weight_select_ms,0.015354016795754433,1.0,703.0
md22_dha,md22_DHA_45597,spice,56,e3nn_pair_full,5,1,1_convolution.total_ms,2.078009070828557,1.0,0.0
md22_dha,md22_DHA_45597,spice,56,e3nn_pair_full,5,1,1_convolution.weight_nn_ms,0.0907799694687128,1.0,703.0
md22_dha,md22_DHA_45597,spice,56,e3nn_pair_full,5,1,2_convolution.denominator_ms,0.011029886081814766,1.0,0.0
md22_dha,md22_DHA_45597,spice,56,e3nn_pair_full,5,1,2_convolution.forward_aggregation_ms,0.06587803363800049,1.0,703.0
md22_dha,md22_DHA_45597,spice,56,e3nn_pair_full,5,1,2_convolution.forward_dst_index_ms,0.007644062861800194,1.0,703.0
md22_dha,md22_DHA_45597,spice,56,e3nn_pair_full,5,1,2_convolution.forward_filter_gather_ms,0.007946975529193878,1.0,703.0
md22_dha,md22_DHA_45597,spice,56,e3nn_pair_full,5,1,2_convolution.forward_message_tp_ms,1.4284050557762384,1.0,703.0
md22_dha,md22_DHA_45597,spice,56,e3nn_pair_full,5,1,2_convolution.forward_src_gather_ms,0.012823846191167831,1.0,703.0
md22_dha,md22_DHA_45597,spice,56,e3nn_pair_full,5,1,2_convolution.forward_src_index_ms,0.011820113286376,1.0,703.0
md22_dha,md22_DHA_45597,spice,56,e3nn_pair_full,5,1,2_convolution.reverse_aggregation_ms,0.07024500519037247,1.0,703.0
md22_dha,md22_DHA_45597,spice,56,e3nn_pair_full,5,1,2_convolution.reverse_dst_index_ms,0.007214024662971497,1.0,703.0
md22_dha,md22_DHA_45597,spice,56,e3nn_pair_full,5,1,2_convolution.reverse_filter_gather_ms,0.008304836228489876,1.0,703.0
md22_dha,md22_DHA_45597,spice,56,e3nn_pair_full,5,1,2_convolution.reverse_message_tp_ms,1.4180359430611134,1.0,703.0
md22_dha,md22_DHA_45597,spice,56,e3nn_pair_full,5,1,2_convolution.reverse_src_gather_ms,0.012565171346068382,1.0,703.0
md22_dha,md22_DHA_45597,spice,56,e3nn_pair_full,5,1,2_convolution.reverse_src_index_ms,0.009865965694189072,1.0,703.0
md22_dha,md22_DHA_45597,spice,56,e3nn_pair_full,5,1,2_convolution.reverse_weight_select_ms,0.02538994885981083,1.0,703.0
md22_dha,md22_DHA_45597,spice,56,e3nn_pair_full,5,1,2_convolution.total_ms,3.358470043167472,1.0,0.0
md22_dha,md22_DHA_45597,spice,56,e3nn_pair_full,5,1,2_convolution.weight_nn_ms,0.09366101585328579,1.0,703.0
md22_dha,md22_DHA_45597,spice,56,e3nn_pair_full,5,1,3_convolution.denominator_ms,0.011129071936011314,1.0,0.0
md22_dha,md22_DHA_45597,spice,56,e3nn_pair_full,5,1,3_convolution.forward_aggregation_ms,0.07122592069208622,1.0,703.0
md22_dha,md22_DHA_45597,spice,56,e3nn_pair_full,5,1,3_convolution.forward_dst_index_ms,0.007570022717118263,1.0,703.0
md22_dha,md22_DHA_45597,spice,56,e3nn_pair_full,5,1,3_convolution.forward_filter_gather_ms,0.0077821314334869385,1.0,703.0
md22_dha,md22_DHA_45597,spice,56,e3nn_pair_full,5,1,3_convolution.forward_message_tp_ms,1.5032112132757902,1.0,703.0
md22_dha,md22_DHA_45597,spice,56,e3nn_pair_full,5,1,3_convolution.forward_src_gather_ms,0.013386132195591927,1.0,703.0
md22_dha,md22_DHA_45597,spice,56,e3nn_pair_full,5,1,3_convolution.forward_src_index_ms,0.012667849659919739,1.0,703.0
md22_dha,md22_DHA_45597,spice,56,e3nn_pair_full,5,1,3_convolution.reverse_aggregation_ms,0.0771449413150549,1.0,703.0
md22_dha,md22_DHA_45597,spice,56,e3nn_pair_full,5,1,3_convolution.reverse_dst_index_ms,0.00723707489669323,1.0,703.0
md22_dha,md22_DHA_45597,spice,56,e3nn_pair_full,5,1,3_convolution.reverse_filter_gather_ms,0.012380070984363556,1.0,703.0
md22_dha,md22_DHA_45597,spice,56,e3nn_pair_full,5,1,3_convolution.reverse_message_tp_ms,1.586840022355318,1.0,703.0
md22_dha,md22_DHA_45597,spice,56,e3nn_pair_full,5,1,3_convolution.reverse_src_gather_ms,0.013157026842236519,1.0,703.0
md22_dha,md22_DHA_45597,spice,56,e3nn_pair_full,5,1,3_convolution.reverse_src_index_ms,0.010384013876318932,1.0,703.0
md22_dha,md22_DHA_45597,spice,56,e3nn_pair_full,5,1,3_convolution.reverse_weight_select_ms,0.027581816539168358,1.0,703.0
md22_dha,md22_DHA_45597,spice,56,e3nn_pair_full,5,1,3_convolution.total_ms,3.6305179819464684,1.0,0.0
md22_dha,md22_DHA_45597,spice,56,e3nn_pair_full,5,1,3_convolution.weight_nn_ms,0.09586010128259659,1.0,703.0
md22_dha,md22_DHA_45597,spice,56,e3nn_pair_full,5,1,4_convolution.denominator_ms,0.00968179665505886,1.0,0.0
md22_dha,md22_DHA_45597,spice,56,e3nn_pair_full,5,1,4_convolution.forward_aggregation_ms,0.040844082832336426,1.0,703.0
md22_dha,md22_DHA_45597,spice,56,e3nn_pair_full,5,1,4_convolution.forward_dst_index_ms,0.007509021088480949,1.0,703.0
md22_dha,md22_DHA_45597,spice,56,e3nn_pair_full,5,1,4_convolution.forward_filter_gather_ms,0.00762520357966423,1.0,703.0
md22_dha,md22_DHA_45597,spice,56,e3nn_pair_full,5,1,4_convolution.forward_message_tp_ms,0.16844202764332294,1.0,703.0
md22_dha,md22_DHA_45597,spice,56,e3nn_pair_full,5,1,4_convolution.forward_src_gather_ms,0.010939082130789757,1.0,703.0
md22_dha,md22_DHA_45597,spice,56,e3nn_pair_full,5,1,4_convolution.forward_src_index_ms,0.012067845091223717,1.0,703.0
md22_dha,md22_DHA_45597,spice,56,e3nn_pair_full,5,1,4_convolution.reverse_aggregation_ms,0.03988412208855152,1.0,703.0
md22_dha,md22_DHA_45597,spice,56,e3nn_pair_full,5,1,4_convolution.reverse_dst_index_ms,0.009244075044989586,1.0,703.0
md22_dha,md22_DHA_45597,spice,56,e3nn_pair_full,5,1,4_convolution.reverse_filter_gather_ms,0.007877824828028679,1.0,703.0
md22_dha,md22_DHA_45597,spice,56,e3nn_pair_full,5,1,4_convolution.reverse_message_tp_ms,0.15513901598751545,1.0,703.0
md22_dha,md22_DHA_45597,spice,56,e3nn_pair_full,5,1,4_convolution.reverse_src_gather_ms,0.010323012247681618,1.0,703.0
md22_dha,md22_DHA_45597,spice,56,e3nn_pair_full,5,1,4_convolution.reverse_src_index_ms,0.009075971320271492,1.0,703.0
md22_dha,md22_DHA_45597,spice,56,e3nn_pair_full,5,1,4_convolution.reverse_weight_select_ms,0.009263167157769203,1.0,703.0
md22_dha,md22_DHA_45597,spice,56,e3nn_pair_full,5,1,4_convolution.total_ms,0.7433919236063957,1.0,0.0
md22_dha,md22_DHA_45597,spice,56,e3nn_pair_full,5,1,4_convolution.weight_nn_ms,0.08596386760473251,1.0,703.0
md22_dha,md22_DHA_45597,spice,56,e3nn_pair_full,5,1,edge_embedding.cutoff_ms,0.08504511788487434,1.0,703.0
md22_dha,md22_DHA_45597,spice,56,e3nn_pair_full,5,1,edge_embedding.edge_attr_expand_ms,0.008046161383390427,1.0,1406.0
md22_dha,md22_DHA_45597,spice,56,e3nn_pair_full,5,1,edge_embedding.edge_attr_sign_apply_ms,0.008549075573682785,1.0,22496.0
md22_dha,md22_DHA_45597,spice,56,e3nn_pair_full,5,1,edge_embedding.edge_embedding_expand_ms,0.008353963494300842,1.0,1406.0
md22_dha,md22_DHA_45597,spice,56,e3nn_pair_full,5,1,edge_embedding.edge_length_expand_ms,0.012896955013275146,1.0,1406.0
md22_dha,md22_DHA_45597,spice,56,e3nn_pair_full,5,1,edge_embedding.edge_length_norm_ms,0.019808998331427574,1.0,703.0
md22_dha,md22_DHA_45597,spice,56,e3nn_pair_full,5,1,edge_embedding.pair_vec_select_ms,0.015135155990719795,1.0,703.0
md22_dha,md22_DHA_45597,spice,56,e3nn_pair_full,5,1,edge_embedding.radial_basis_ms,0.03950996324419975,1.0,703.0
md22_dha,md22_DHA_45597,spice,56,e3nn_pair_full,5,1,edge_embedding.radial_combine_ms,0.008833128958940506,1.0,5624.0
md22_dha,md22_DHA_45597,spice,56,e3nn_pair_full,5,1,edge_embedding.reverse_sign_ms,0.02391589805483818,1.0,22496.0
md22_dha,md22_DHA_45597,spice,56,e3nn_pair_full,5,1,edge_embedding.spherical_harmonics_ms,0.30480208806693554,1.0,703.0
md22_dha,md22_DHA_45597,spice,56,e3nn_pair_full,5,1,model_total_ms,116.42858106642962,1.0,0.0
md22_dha,md22_DHA_45597,spice,56,e3nn_pair_full,5,1,top_force_output_ms,40.126733016222715,1.0,0.0
md22_dha,md22_DHA_45597,spice,56,e3nn_pair_full,5,1,top_input_embedding_ms,0.9750989265739918,3.0,0.0
md22_dha,md22_DHA_45597,spice,56,e3nn_pair_full,5,1,top_interaction_other_ms,60.884154634550214,25.0,0.0
md22_dha,md22_DHA_45597,spice,56,e3nn_pair_full,5,1,top_readout_ms,2.7854039799422026,4.0,0.0
md22_dha,md22_DHA_45597,spice,56,e3nn_pair_full,5,2,0_convolution.denominator_ms,0.0096180010586977,1.0,0.0
md22_dha,md22_DHA_45597,spice,56,e3nn_pair_full,5,2,0_convolution.forward_aggregation_ms,0.04427693784236908,1.0,703.0
md22_dha,md22_DHA_45597,spice,56,e3nn_pair_full,5,2,0_convolution.forward_dst_index_ms,0.007784925401210785,1.0,703.0
md22_dha,md22_DHA_45597,spice,56,e3nn_pair_full,5,2,0_convolution.forward_filter_gather_ms,0.007973983883857727,1.0,703.0
md22_dha,md22_DHA_45597,spice,56,e3nn_pair_full,5,2,0_convolution.forward_message_tp_ms,0.1383970957249403,1.0,703.0
md22_dha,md22_DHA_45597,spice,56,e3nn_pair_full,5,2,0_convolution.forward_src_gather_ms,0.009337905794382095,1.0,703.0
md22_dha,md22_DHA_45597,spice,56,e3nn_pair_full,5,2,0_convolution.forward_src_index_ms,0.012869946658611298,1.0,703.0
md22_dha,md22_DHA_45597,spice,56,e3nn_pair_full,5,2,0_convolution.reverse_aggregation_ms,0.03984593786299229,1.0,703.0
md22_dha,md22_DHA_45597,spice,56,e3nn_pair_full,5,2,0_convolution.reverse_dst_index_ms,0.007952097803354263,1.0,703.0
md22_dha,md22_DHA_45597,spice,56,e3nn_pair_full,5,2,0_convolution.reverse_filter_gather_ms,0.007699010893702507,1.0,703.0
md22_dha,md22_DHA_45597,spice,56,e3nn_pair_full,5,2,0_convolution.reverse_message_tp_ms,0.12487685307860374,1.0,703.0
md22_dha,md22_DHA_45597,spice,56,e3nn_pair_full,5,2,0_convolution.reverse_src_gather_ms,0.009135110303759575,1.0,703.0
md22_dha,md22_DHA_45597,spice,56,e3nn_pair_full,5,2,0_convolution.reverse_src_index_ms,0.009214039891958237,1.0,703.0
md22_dha,md22_DHA_45597,spice,56,e3nn_pair_full,5,2,0_convolution.reverse_weight_select_ms,0.009383074939250946,1.0,703.0
md22_dha,md22_DHA_45597,spice,56,e3nn_pair_full,5,2,0_convolution.total_ms,0.7096719928085804,1.0,0.0
md22_dha,md22_DHA_45597,spice,56,e3nn_pair_full,5,2,0_convolution.weight_nn_ms,0.09936979040503502,1.0,703.0
md22_dha,md22_DHA_45597,spice,56,e3nn_pair_full,5,2,1_convolution.denominator_ms,0.010279007256031036,1.0,0.0
md22_dha,md22_DHA_45597,spice,56,e3nn_pair_full,5,2,1_convolution.forward_aggregation_ms,0.05258503369987011,1.0,703.0
md22_dha,md22_DHA_45597,spice,56,e3nn_pair_full,5,2,1_convolution.forward_dst_index_ms,0.00789412297308445,1.0,703.0
md22_dha,md22_DHA_45597,spice,56,e3nn_pair_full,5,2,1_convolution.forward_filter_gather_ms,0.007746042683720589,1.0,703.0
md22_dha,md22_DHA_45597,spice,56,e3nn_pair_full,5,2,1_convolution.forward_message_tp_ms,0.8199498988687992,1.0,703.0
md22_dha,md22_DHA_45597,spice,56,e3nn_pair_full,5,2,1_convolution.forward_src_gather_ms,0.01100008375942707,1.0,703.0
md22_dha,md22_DHA_45597,spice,56,e3nn_pair_full,5,2,1_convolution.forward_src_index_ms,0.012215925380587578,1.0,703.0
md22_dha,md22_DHA_45597,spice,56,e3nn_pair_full,5,2,1_convolution.reverse_aggregation_ms,0.05539599806070328,1.0,703.0
md22_dha,md22_DHA_45597,spice,56,e3nn_pair_full,5,2,1_convolution.reverse_dst_index_ms,0.007440103217959404,1.0,703.0
md22_dha,md22_DHA_45597,spice,56,e3nn_pair_full,5,2,1_convolution.reverse_filter_gather_ms,0.012341886758804321,1.0,703.0
md22_dha,md22_DHA_45597,spice,56,e3nn_pair_full,5,2,1_convolution.reverse_message_tp_ms,0.8236258290708065,1.0,703.0
md22_dha,md22_DHA_45597,spice,56,e3nn_pair_full,5,2,1_convolution.reverse_src_gather_ms,0.011499039828777313,1.0,703.0
md22_dha,md22_DHA_45597,spice,56,e3nn_pair_full,5,2,1_convolution.reverse_src_index_ms,0.009811017662286758,1.0,703.0
md22_dha,md22_DHA_45597,spice,56,e3nn_pair_full,5,2,1_convolution.reverse_weight_select_ms,0.01595309004187584,1.0,703.0
md22_dha,md22_DHA_45597,spice,56,e3nn_pair_full,5,2,1_convolution.total_ms,2.1223388612270355,1.0,0.0
md22_dha,md22_DHA_45597,spice,56,e3nn_pair_full,5,2,1_convolution.weight_nn_ms,0.09520398452877998,1.0,703.0
md22_dha,md22_DHA_45597,spice,56,e3nn_pair_full,5,2,2_convolution.denominator_ms,0.011217081919312477,1.0,0.0
md22_dha,md22_DHA_45597,spice,56,e3nn_pair_full,5,2,2_convolution.forward_aggregation_ms,0.0696720089763403,1.0,703.0
md22_dha,md22_DHA_45597,spice,56,e3nn_pair_full,5,2,2_convolution.forward_dst_index_ms,0.007831025868654251,1.0,703.0
md22_dha,md22_DHA_45597,spice,56,e3nn_pair_full,5,2,2_convolution.forward_filter_gather_ms,0.008278992027044296,1.0,703.0
md22_dha,md22_DHA_45597,spice,56,e3nn_pair_full,5,2,2_convolution.forward_message_tp_ms,1.4225461054593325,1.0,703.0
md22_dha,md22_DHA_45597,spice,56,e3nn_pair_full,5,2,2_convolution.forward_src_gather_ms,0.013339100405573845,1.0,703.0
md22_dha,md22_DHA_45597,spice,56,e3nn_pair_full,5,2,2_convolution.forward_src_index_ms,0.012978911399841309,1.0,703.0
md22_dha,md22_DHA_45597,spice,56,e3nn_pair_full,5,2,2_convolution.reverse_aggregation_ms,0.07041892968118191,1.0,703.0
md22_dha,md22_DHA_45597,spice,56,e3nn_pair_full,5,2,2_convolution.reverse_dst_index_ms,0.010985182598233223,1.0,703.0
md22_dha,md22_DHA_45597,spice,56,e3nn_pair_full,5,2,2_convolution.reverse_filter_gather_ms,0.00819494016468525,1.0,703.0
md22_dha,md22_DHA_45597,spice,56,e3nn_pair_full,5,2,2_convolution.reverse_message_tp_ms,1.4140908606350422,1.0,703.0
md22_dha,md22_DHA_45597,spice,56,e3nn_pair_full,5,2,2_convolution.reverse_src_gather_ms,0.012710923328995705,1.0,703.0
md22_dha,md22_DHA_45597,spice,56,e3nn_pair_full,5,2,2_convolution.reverse_src_index_ms,0.009875046089291573,1.0,703.0
md22_dha,md22_DHA_45597,spice,56,e3nn_pair_full,5,2,2_convolution.reverse_weight_select_ms,0.02488703466951847,1.0,703.0
md22_dha,md22_DHA_45597,spice,56,e3nn_pair_full,5,2,2_convolution.total_ms,3.3741809893399477,1.0,0.0
md22_dha,md22_DHA_45597,spice,56,e3nn_pair_full,5,2,2_convolution.weight_nn_ms,0.10024500079452991,1.0,703.0
md22_dha,md22_DHA_45597,spice,56,e3nn_pair_full,5,2,3_convolution.denominator_ms,0.011595897376537323,1.0,0.0
md22_dha,md22_DHA_45597,spice,56,e3nn_pair_full,5,2,3_convolution.forward_aggregation_ms,0.07537100464105606,1.0,703.0
md22_dha,md22_DHA_45597,spice,56,e3nn_pair_full,5,2,3_convolution.forward_dst_index_ms,0.00761495903134346,1.0,703.0
md22_dha,md22_DHA_45597,spice,56,e3nn_pair_full,5,2,3_convolution.forward_filter_gather_ms,0.008034054189920425,1.0,703.0
md22_dha,md22_DHA_45597,spice,56,e3nn_pair_full,5,2,3_convolution.forward_message_tp_ms,1.643595052883029,1.0,703.0
md22_dha,md22_DHA_45597,spice,56,e3nn_pair_full,5,2,3_convolution.forward_src_gather_ms,0.013407086953520775,1.0,703.0
md22_dha,md22_DHA_45597,spice,56,e3nn_pair_full,5,2,3_convolution.forward_src_index_ms,0.01181894913315773,1.0,703.0
md22_dha,md22_DHA_45597,spice,56,e3nn_pair_full,5,2,3_convolution.reverse_aggregation_ms,0.07524387910962105,1.0,703.0
md22_dha,md22_DHA_45597,spice,56,e3nn_pair_full,5,2,3_convolution.reverse_dst_index_ms,0.0075660645961761475,1.0,703.0
md22_dha,md22_DHA_45597,spice,56,e3nn_pair_full,5,2,3_convolution.reverse_filter_gather_ms,0.008509960025548935,1.0,703.0
md22_dha,md22_DHA_45597,spice,56,e3nn_pair_full,5,2,3_convolution.reverse_message_tp_ms,1.5796900261193514,1.0,703.0
md22_dha,md22_DHA_45597,spice,56,e3nn_pair_full,5,2,3_convolution.reverse_src_gather_ms,0.013272976502776146,1.0,703.0
md22_dha,md22_DHA_45597,spice,56,e3nn_pair_full,5,2,3_convolution.reverse_src_index_ms,0.010032905265688896,1.0,703.0
md22_dha,md22_DHA_45597,spice,56,e3nn_pair_full,5,2,3_convolution.reverse_weight_select_ms,0.027674948796629906,1.0,703.0
md22_dha,md22_DHA_45597,spice,56,e3nn_pair_full,5,2,3_convolution.total_ms,3.768865019083023,1.0,0.0
md22_dha,md22_DHA_45597,spice,56,e3nn_pair_full,5,2,3_convolution.weight_nn_ms,0.09806104935705662,1.0,703.0
md22_dha,md22_DHA_45597,spice,56,e3nn_pair_full,5,2,4_convolution.denominator_ms,0.010400079190731049,1.0,0.0
md22_dha,md22_DHA_45597,spice,56,e3nn_pair_full,5,2,4_convolution.forward_aggregation_ms,0.04171393811702728,1.0,703.0
md22_dha,md22_DHA_45597,spice,56,e3nn_pair_full,5,2,4_convolution.forward_dst_index_ms,0.007806112989783287,1.0,703.0
md22_dha,md22_DHA_45597,spice,56,e3nn_pair_full,5,2,4_convolution.forward_filter_gather_ms,0.008012866601347923,1.0,703.0
md22_dha,md22_DHA_45597,spice,56,e3nn_pair_full,5,2,4_convolution.forward_message_tp_ms,0.17187395133078098,1.0,703.0
md22_dha,md22_DHA_45597,spice,56,e3nn_pair_full,5,2,4_convolution.forward_src_gather_ms,0.011347001418471336,1.0,703.0
md22_dha,md22_DHA_45597,spice,56,e3nn_pair_full,5,2,4_convolution.forward_src_index_ms,0.01243804581463337,1.0,703.0
md22_dha,md22_DHA_45597,spice,56,e3nn_pair_full,5,2,4_convolution.reverse_aggregation_ms,0.04105595871806145,1.0,703.0
md22_dha,md22_DHA_45597,spice,56,e3nn_pair_full,5,2,4_convolution.reverse_dst_index_ms,0.009940005838871002,1.0,703.0
md22_dha,md22_DHA_45597,spice,56,e3nn_pair_full,5,2,4_convolution.reverse_filter_gather_ms,0.008023111149668694,1.0,703.0
md22_dha,md22_DHA_45597,spice,56,e3nn_pair_full,5,2,4_convolution.reverse_message_tp_ms,0.15378696843981743,1.0,703.0
md22_dha,md22_DHA_45597,spice,56,e3nn_pair_full,5,2,4_convolution.reverse_src_gather_ms,0.010607065632939339,1.0,703.0
md22_dha,md22_DHA_45597,spice,56,e3nn_pair_full,5,2,4_convolution.reverse_src_index_ms,0.009421957656741142,1.0,703.0
md22_dha,md22_DHA_45597,spice,56,e3nn_pair_full,5,2,4_convolution.reverse_weight_select_ms,0.009390991181135178,1.0,703.0
md22_dha,md22_DHA_45597,spice,56,e3nn_pair_full,5,2,4_convolution.total_ms,0.7785919588059187,1.0,0.0
md22_dha,md22_DHA_45597,spice,56,e3nn_pair_full,5,2,4_convolution.weight_nn_ms,0.09304983541369438,1.0,703.0
md22_dha,md22_DHA_45597,spice,56,e3nn_pair_full,5,2,edge_embedding.cutoff_ms,0.0903429463505745,1.0,703.0
md22_dha,md22_DHA_45597,spice,56,e3nn_pair_full,5,2,edge_embedding.edge_attr_expand_ms,0.007712049409747124,1.0,1406.0
md22_dha,md22_DHA_45597,spice,56,e3nn_pair_full,5,2,edge_embedding.edge_attr_sign_apply_ms,0.008573988452553749,1.0,22496.0
md22_dha,md22_DHA_45597,spice,56,e3nn_pair_full,5,2,edge_embedding.edge_embedding_expand_ms,0.008319970220327377,1.0,1406.0
md22_dha,md22_DHA_45597,spice,56,e3nn_pair_full,5,2,edge_embedding.edge_length_expand_ms,0.01286109909415245,1.0,1406.0
md22_dha,md22_DHA_45597,spice,56,e3nn_pair_full,5,2,edge_embedding.edge_length_norm_ms,0.01933402381837368,1.0,703.0
md22_dha,md22_DHA_45597,spice,56,e3nn_pair_full,5,2,edge_embedding.pair_vec_select_ms,0.015835976228117943,1.0,703.0
md22_dha,md22_DHA_45597,spice,56,e3nn_pair_full,5,2,edge_embedding.radial_basis_ms,0.0403581652790308,1.0,703.0
md22_dha,md22_DHA_45597,spice,56,e3nn_pair_full,5,2,edge_embedding.radial_combine_ms,0.009358860552310944,1.0,5624.0
md22_dha,md22_DHA_45597,spice,56,e3nn_pair_full,5,2,edge_embedding.reverse_sign_ms,0.023834174498915672,1.0,22496.0
md22_dha,md22_DHA_45597,spice,56,e3nn_pair_full,5,2,edge_embedding.spherical_harmonics_ms,0.294125871732831,1.0,703.0
md22_dha,md22_DHA_45597,spice,56,e3nn_pair_full,5,2,model_total_ms,118.1629579514265,1.0,0.0
md22_dha,md22_DHA_45597,spice,56,e3nn_pair_full,5,2,top_force_output_ms,40.74194096028805,1.0,0.0
md22_dha,md22_DHA_45597,spice,56,e3nn_pair_full,5,2,top_input_embedding_ms,0.9933561086654663,3.0,0.0
md22_dha,md22_DHA_45597,spice,56,e3nn_pair_full,5,2,top_interaction_other_ms,61.67876534163952,25.0,0.0
md22_dha,md22_DHA_45597,spice,56,e3nn_pair_full,5,2,top_readout_ms,2.805967116728425,4.0,0.0
md22_dha,md22_DHA_45597,spice,56,e3nn_pair_full,5,3,0_convolution.denominator_ms,0.009470153599977493,1.0,0.0
md22_dha,md22_DHA_45597,spice,56,e3nn_pair_full,5,3,0_convolution.forward_aggregation_ms,0.043140025809407234,1.0,703.0
md22_dha,md22_DHA_45597,spice,56,e3nn_pair_full,5,3,0_convolution.forward_dst_index_ms,0.007688067853450775,1.0,703.0
md22_dha,md22_DHA_45597,spice,56,e3nn_pair_full,5,3,0_convolution.forward_filter_gather_ms,0.00782194547355175,1.0,703.0
md22_dha,md22_DHA_45597,spice,56,e3nn_pair_full,5,3,0_convolution.forward_message_tp_ms,0.13662013225257397,1.0,703.0
md22_dha,md22_DHA_45597,spice,56,e3nn_pair_full,5,3,0_convolution.forward_src_gather_ms,0.009404029697179794,1.0,703.0
md22_dha,md22_DHA_45597,spice,56,e3nn_pair_full,5,3,0_convolution.forward_src_index_ms,0.012459000572562218,1.0,703.0
md22_dha,md22_DHA_45597,spice,56,e3nn_pair_full,5,3,0_convolution.reverse_aggregation_ms,0.03985222429037094,1.0,703.0
md22_dha,md22_DHA_45597,spice,56,e3nn_pair_full,5,3,0_convolution.reverse_dst_index_ms,0.007947906851768494,1.0,703.0
md22_dha,md22_DHA_45597,spice,56,e3nn_pair_full,5,3,0_convolution.reverse_filter_gather_ms,0.008034985512495041,1.0,703.0
md22_dha,md22_DHA_45597,spice,56,e3nn_pair_full,5,3,0_convolution.reverse_message_tp_ms,0.12491201050579548,1.0,703.0
md22_dha,md22_DHA_45597,spice,56,e3nn_pair_full,5,3,0_convolution.reverse_src_gather_ms,0.008705072104930878,1.0,703.0
md22_dha,md22_DHA_45597,spice,56,e3nn_pair_full,5,3,0_convolution.reverse_src_index_ms,0.009361188858747482,1.0,703.0
md22_dha,md22_DHA_45597,spice,56,e3nn_pair_full,5,3,0_convolution.reverse_weight_select_ms,0.009380048140883446,1.0,703.0
md22_dha,md22_DHA_45597,spice,56,e3nn_pair_full,5,3,0_convolution.total_ms,0.6968060042709112,1.0,0.0
md22_dha,md22_DHA_45597,spice,56,e3nn_pair_full,5,3,0_convolution.weight_nn_ms,0.09493110701441765,1.0,703.0
md22_dha,md22_DHA_45597,spice,56,e3nn_pair_full,5,3,1_convolution.denominator_ms,0.0103821512311697,1.0,0.0
md22_dha,md22_DHA_45597,spice,56,e3nn_pair_full,5,3,1_convolution.forward_aggregation_ms,0.054132891818881035,1.0,703.0
md22_dha,md22_DHA_45597,spice,56,e3nn_pair_full,5,3,1_convolution.forward_dst_index_ms,0.007668044418096542,1.0,703.0
md22_dha,md22_DHA_45597,spice,56,e3nn_pair_full,5,3,1_convolution.forward_filter_gather_ms,0.007824040949344635,1.0,703.0
md22_dha,md22_DHA_45597,spice,56,e3nn_pair_full,5,3,1_convolution.forward_message_tp_ms,0.8201401215046644,1.0,703.0
md22_dha,md22_DHA_45597,spice,56,e3nn_pair_full,5,3,1_convolution.forward_src_gather_ms,0.011227792128920555,1.0,703.0
md22_dha,md22_DHA_45597,spice,56,e3nn_pair_full,5,3,1_convolution.forward_src_index_ms,0.012047821655869484,1.0,703.0
md22_dha,md22_DHA_45597,spice,56,e3nn_pair_full,5,3,1_convolution.reverse_aggregation_ms,0.054146163165569305,1.0,703.0
md22_dha,md22_DHA_45597,spice,56,e3nn_pair_full,5,3,1_convolution.reverse_dst_index_ms,0.0073320697993040085,1.0,703.0
md22_dha,md22_DHA_45597,spice,56,e3nn_pair_full,5,3,1_convolution.reverse_filter_gather_ms,0.00823289155960083,1.0,703.0
md22_dha,md22_DHA_45597,spice,56,e3nn_pair_full,5,3,1_convolution.reverse_message_tp_ms,0.7902029901742935,1.0,703.0
md22_dha,md22_DHA_45597,spice,56,e3nn_pair_full,5,3,1_convolution.reverse_src_gather_ms,0.010950956493616104,1.0,703.0
md22_dha,md22_DHA_45597,spice,56,e3nn_pair_full,5,3,1_convolution.reverse_src_index_ms,0.010174931958317757,1.0,703.0
md22_dha,md22_DHA_45597,spice,56,e3nn_pair_full,5,3,1_convolution.reverse_weight_select_ms,0.01616496592760086,1.0,703.0
md22_dha,md22_DHA_45597,spice,56,e3nn_pair_full,5,3,1_convolution.total_ms,2.0901658572256565,1.0,0.0
md22_dha,md22_DHA_45597,spice,56,e3nn_pair_full,5,3,1_convolution.weight_nn_ms,0.09322678670287132,1.0,703.0
md22_dha,md22_DHA_45597,spice,56,e3nn_pair_full,5,3,2_convolution.denominator_ms,0.014201970770955086,1.0,0.0
md22_dha,md22_DHA_45597,spice,56,e3nn_pair_full,5,3,2_convolution.forward_aggregation_ms,0.0643259845674038,1.0,703.0
md22_dha,md22_DHA_45597,spice,56,e3nn_pair_full,5,3,2_convolution.forward_dst_index_ms,0.007745111361145973,1.0,703.0
md22_dha,md22_DHA_45597,spice,56,e3nn_pair_full,5,3,2_convolution.forward_filter_gather_ms,0.008065951988101006,1.0,703.0
md22_dha,md22_DHA_45597,spice,56,e3nn_pair_full,5,3,2_convolution.forward_message_tp_ms,1.4349089469760656,1.0,703.0
md22_dha,md22_DHA_45597,spice,56,e3nn_pair_full,5,3,2_convolution.forward_src_gather_ms,0.013174954801797867,1.0,703.0
md22_dha,md22_DHA_45597,spice,56,e3nn_pair_full,5,3,2_convolution.forward_src_index_ms,0.011591939255595207,1.0,703.0
md22_dha,md22_DHA_45597,spice,56,e3nn_pair_full,5,3,2_convolution.reverse_aggregation_ms,0.06957491859793663,1.0,703.0
md22_dha,md22_DHA_45597,spice,56,e3nn_pair_full,5,3,2_convolution.reverse_dst_index_ms,0.007393071427941322,1.0,703.0
md22_dha,md22_DHA_45597,spice,56,e3nn_pair_full,5,3,2_convolution.reverse_filter_gather_ms,0.008350005373358727,1.0,703.0
md22_dha,md22_DHA_45597,spice,56,e3nn_pair_full,5,3,2_convolution.reverse_message_tp_ms,1.4056628569960594,1.0,703.0
md22_dha,md22_DHA_45597,spice,56,e3nn_pair_full,5,3,2_convolution.reverse_src_gather_ms,0.01275818794965744,1.0,703.0
md22_dha,md22_DHA_45597,spice,56,e3nn_pair_full,5,3,2_convolution.reverse_src_index_ms,0.010112067684531212,1.0,703.0
md22_dha,md22_DHA_45597,spice,56,e3nn_pair_full,5,3,2_convolution.reverse_weight_select_ms,0.025243032723665237,1.0,703.0
md22_dha,md22_DHA_45597,spice,56,e3nn_pair_full,5,3,2_convolution.total_ms,3.362357849255204,1.0,0.0
md22_dha,md22_DHA_45597,spice,56,e3nn_pair_full,5,3,2_convolution.weight_nn_ms,0.09560398757457733,1.0,703.0
md22_dha,md22_DHA_45597,spice,56,e3nn_pair_full,5,3,3_convolution.denominator_ms,0.011051073670387268,1.0,0.0
md22_dha,md22_DHA_45597,spice,56,e3nn_pair_full,5,3,3_convolution.forward_aggregation_ms,0.08334103040397167,1.0,703.0
md22_dha,md22_DHA_45597,spice,56,e3nn_pair_full,5,3,3_convolution.forward_dst_index_ms,0.00758003443479538,1.0,703.0
md22_dha,md22_DHA_45597,spice,56,e3nn_pair_full,5,3,3_convolution.forward_filter_gather_ms,0.007982132956385612,1.0,703.0
md22_dha,md22_DHA_45597,spice,56,e3nn_pair_full,5,3,3_convolution.forward_message_tp_ms,1.527274027466774,1.0,703.0
md22_dha,md22_DHA_45597,spice,56,e3nn_pair_full,5,3,3_convolution.forward_src_gather_ms,0.013349112123250961,1.0,703.0
md22_dha,md22_DHA_45597,spice,56,e3nn_pair_full,5,3,3_convolution.forward_src_index_ms,0.01213722862303257,1.0,703.0
md22_dha,md22_DHA_45597,spice,56,e3nn_pair_full,5,3,3_convolution.reverse_aggregation_ms,0.07509300485253334,1.0,703.0
md22_dha,md22_DHA_45597,spice,56,e3nn_pair_full,5,3,3_convolution.reverse_dst_index_ms,0.007458031177520752,1.0,703.0
md22_dha,md22_DHA_45597,spice,56,e3nn_pair_full,5,3,3_convolution.reverse_filter_gather_ms,0.008126022294163704,1.0,703.0
md22_dha,md22_DHA_45597,spice,56,e3nn_pair_full,5,3,3_convolution.reverse_message_tp_ms,1.4929301105439663,1.0,703.0
md22_dha,md22_DHA_45597,spice,56,e3nn_pair_full,5,3,3_convolution.reverse_src_gather_ms,0.012964010238647461,1.0,703.0
md22_dha,md22_DHA_45597,spice,56,e3nn_pair_full,5,3,3_convolution.reverse_src_index_ms,0.009880168363451958,1.0,703.0
md22_dha,md22_DHA_45597,spice,56,e3nn_pair_full,5,3,3_convolution.reverse_weight_select_ms,0.027625123038887978,1.0,703.0
md22_dha,md22_DHA_45597,spice,56,e3nn_pair_full,5,3,3_convolution.total_ms,3.58991208486259,1.0,0.0
md22_dha,md22_DHA_45597,spice,56,e3nn_pair_full,5,3,3_convolution.weight_nn_ms,0.09649107232689857,1.0,703.0
md22_dha,md22_DHA_45597,spice,56,e3nn_pair_full,5,3,4_convolution.denominator_ms,0.009984010830521584,1.0,0.0
md22_dha,md22_DHA_45597,spice,56,e3nn_pair_full,5,3,4_convolution.forward_aggregation_ms,0.04126410931348801,1.0,703.0
md22_dha,md22_DHA_45597,spice,56,e3nn_pair_full,5,3,4_convolution.forward_dst_index_ms,0.007487833499908447,1.0,703.0
md22_dha,md22_DHA_45597,spice,56,e3nn_pair_full,5,3,4_convolution.forward_filter_gather_ms,0.00792904756963253,1.0,703.0
md22_dha,md22_DHA_45597,spice,56,e3nn_pair_full,5,3,4_convolution.forward_message_tp_ms,0.1671209465712309,1.0,703.0
md22_dha,md22_DHA_45597,spice,56,e3nn_pair_full,5,3,4_convolution.forward_src_gather_ms,0.011043855920433998,1.0,703.0
md22_dha,md22_DHA_45597,spice,56,e3nn_pair_full,5,3,4_convolution.forward_src_index_ms,0.011432915925979614,1.0,703.0
md22_dha,md22_DHA_45597,spice,56,e3nn_pair_full,5,3,4_convolution.reverse_aggregation_ms,0.040970975533127785,1.0,703.0
md22_dha,md22_DHA_45597,spice,56,e3nn_pair_full,5,3,4_convolution.reverse_dst_index_ms,0.00950903631746769,1.0,703.0
md22_dha,md22_DHA_45597,spice,56,e3nn_pair_full,5,3,4_convolution.reverse_filter_gather_ms,0.00800006091594696,1.0,703.0
md22_dha,md22_DHA_45597,spice,56,e3nn_pair_full,5,3,4_convolution.reverse_message_tp_ms,0.15296507626771927,1.0,703.0
md22_dha,md22_DHA_45597,spice,56,e3nn_pair_full,5,3,4_convolution.reverse_src_gather_ms,0.010737916454672813,1.0,703.0
md22_dha,md22_DHA_45597,spice,56,e3nn_pair_full,5,3,4_convolution.reverse_src_index_ms,0.009329989552497864,1.0,703.0
md22_dha,md22_DHA_45597,spice,56,e3nn_pair_full,5,3,4_convolution.reverse_weight_select_ms,0.00892486423254013,1.0,703.0
md22_dha,md22_DHA_45597,spice,56,e3nn_pair_full,5,3,4_convolution.total_ms,0.7444971706718206,1.0,0.0
md22_dha,md22_DHA_45597,spice,56,e3nn_pair_full,5,3,4_convolution.weight_nn_ms,0.08651311509311199,1.0,703.0
md22_dha,md22_DHA_45597,spice,56,e3nn_pair_full,5,3,edge_embedding.cutoff_ms,0.08340692147612572,1.0,703.0
md22_dha,md22_DHA_45597,spice,56,e3nn_pair_full,5,3,edge_embedding.edge_attr_expand_ms,0.00817212276160717,1.0,1406.0
md22_dha,md22_DHA_45597,spice,56,e3nn_pair_full,5,3,edge_embedding.edge_attr_sign_apply_ms,0.00858912244439125,1.0,22496.0
md22_dha,md22_DHA_45597,spice,56,e3nn_pair_full,5,3,edge_embedding.edge_embedding_expand_ms,0.008355826139450073,1.0,1406.0
md22_dha,md22_DHA_45597,spice,56,e3nn_pair_full,5,3,edge_embedding.edge_length_expand_ms,0.013259006664156914,1.0,1406.0
md22_dha,md22_DHA_45597,spice,56,e3nn_pair_full,5,3,edge_embedding.edge_length_norm_ms,0.019796891137957573,1.0,703.0
md22_dha,md22_DHA_45597,spice,56,e3nn_pair_full,5,3,edge_embedding.pair_vec_select_ms,0.015203142538666725,1.0,703.0
md22_dha,md22_DHA_45597,spice,56,e3nn_pair_full,5,3,edge_embedding.radial_basis_ms,0.03916001878678799,1.0,703.0
md22_dha,md22_DHA_45597,spice,56,e3nn_pair_full,5,3,edge_embedding.radial_combine_ms,0.009276904165744781,1.0,5624.0
md22_dha,md22_DHA_45597,spice,56,e3nn_pair_full,5,3,edge_embedding.reverse_sign_ms,0.02391706220805645,1.0,22496.0
md22_dha,md22_DHA_45597,spice,56,e3nn_pair_full,5,3,edge_embedding.spherical_harmonics_ms,0.30667311511933804,1.0,703.0
md22_dha,md22_DHA_45597,spice,56,e3nn_pair_full,5,3,model_total_ms,116.45148904062808,1.0,0.0
md22_dha,md22_DHA_45597,spice,56,e3nn_pair_full,5,3,top_force_output_ms,40.36568780429661,1.0,0.0
md22_dha,md22_DHA_45597,spice,56,e3nn_pair_full,5,3,top_input_embedding_ms,0.9652739390730858,3.0,0.0
md22_dha,md22_DHA_45597,spice,56,e3nn_pair_full,5,3,top_interaction_other_ms,60.70188316516578,25.0,0.0
md22_dha,md22_DHA_45597,spice,56,e3nn_pair_full,5,3,top_readout_ms,2.7823657728731632,4.0,0.0
md22_dha,md22_DHA_45597,spice,56,e3nn_pair_full,5,4,0_convolution.denominator_ms,0.00962521880865097,1.0,0.0
md22_dha,md22_DHA_45597,spice,56,e3nn_pair_full,5,4,0_convolution.forward_aggregation_ms,0.04322594031691551,1.0,703.0
md22_dha,md22_DHA_45597,spice,56,e3nn_pair_full,5,4,0_convolution.forward_dst_index_ms,0.007977010682225227,1.0,703.0
md22_dha,md22_DHA_45597,spice,56,e3nn_pair_full,5,4,0_convolution.forward_filter_gather_ms,0.007939059287309647,1.0,703.0
md22_dha,md22_DHA_45597,spice,56,e3nn_pair_full,5,4,0_convolution.forward_message_tp_ms,0.13906299136579037,1.0,703.0
md22_dha,md22_DHA_45597,spice,56,e3nn_pair_full,5,4,0_convolution.forward_src_gather_ms,0.009533017873764038,1.0,703.0
md22_dha,md22_DHA_45597,spice,56,e3nn_pair_full,5,4,0_convolution.forward_src_index_ms,0.012496020644903183,1.0,703.0
md22_dha,md22_DHA_45597,spice,56,e3nn_pair_full,5,4,0_convolution.reverse_aggregation_ms,0.04037003964185715,1.0,703.0
md22_dha,md22_DHA_45597,spice,56,e3nn_pair_full,5,4,0_convolution.reverse_dst_index_ms,0.007936032488942146,1.0,703.0
md22_dha,md22_DHA_45597,spice,56,e3nn_pair_full,5,4,0_convolution.reverse_filter_gather_ms,0.007862923666834831,1.0,703.0
md22_dha,md22_DHA_45597,spice,56,e3nn_pair_full,5,4,0_convolution.reverse_message_tp_ms,0.12404890730977058,1.0,703.0
md22_dha,md22_DHA_45597,spice,56,e3nn_pair_full,5,4,0_convolution.reverse_src_gather_ms,0.00868295319378376,1.0,703.0
md22_dha,md22_DHA_45597,spice,56,e3nn_pair_full,5,4,0_convolution.reverse_src_index_ms,0.009228009730577469,1.0,703.0
md22_dha,md22_DHA_45597,spice,56,e3nn_pair_full,5,4,0_convolution.reverse_weight_select_ms,0.009156996384263039,1.0,703.0
md22_dha,md22_DHA_45597,spice,56,e3nn_pair_full,5,4,0_convolution.total_ms,0.7054938469082117,1.0,0.0
md22_dha,md22_DHA_45597,spice,56,e3nn_pair_full,5,4,0_convolution.weight_nn_ms,0.09626592509448528,1.0,703.0
md22_dha,md22_DHA_45597,spice,56,e3nn_pair_full,5,4,1_convolution.denominator_ms,0.010282965376973152,1.0,0.0
md22_dha,md22_DHA_45597,spice,56,e3nn_pair_full,5,4,1_convolution.forward_aggregation_ms,0.054338015615940094,1.0,703.0
md22_dha,md22_DHA_45597,spice,56,e3nn_pair_full,5,4,1_convolution.forward_dst_index_ms,0.007845927029848099,1.0,703.0
md22_dha,md22_DHA_45597,spice,56,e3nn_pair_full,5,4,1_convolution.forward_filter_gather_ms,0.007668975740671158,1.0,703.0
md22_dha,md22_DHA_45597,spice,56,e3nn_pair_full,5,4,1_convolution.forward_message_tp_ms,0.8181629236787558,1.0,703.0
md22_dha,md22_DHA_45597,spice,56,e3nn_pair_full,5,4,1_convolution.forward_src_gather_ms,0.01089717261493206,1.0,703.0
md22_dha,md22_DHA_45597,spice,56,e3nn_pair_full,5,4,1_convolution.forward_src_index_ms,0.011901138350367546,1.0,703.0
md22_dha,md22_DHA_45597,spice,56,e3nn_pair_full,5,4,1_convolution.reverse_aggregation_ms,0.05513802170753479,1.0,703.0
md22_dha,md22_DHA_45597,spice,56,e3nn_pair_full,5,4,1_convolution.reverse_dst_index_ms,0.00713299959897995,1.0,703.0
md22_dha,md22_DHA_45597,spice,56,e3nn_pair_full,5,4,1_convolution.reverse_filter_gather_ms,0.00809691846370697,1.0,703.0
md22_dha,md22_DHA_45597,spice,56,e3nn_pair_full,5,4,1_convolution.reverse_message_tp_ms,0.7909350097179413,1.0,703.0
md22_dha,md22_DHA_45597,spice,56,e3nn_pair_full,5,4,1_convolution.reverse_src_gather_ms,0.011326046660542488,1.0,703.0
md22_dha,md22_DHA_45597,spice,56,e3nn_pair_full,5,4,1_convolution.reverse_src_index_ms,0.009729992598295212,1.0,703.0
md22_dha,md22_DHA_45597,spice,56,e3nn_pair_full,5,4,1_convolution.reverse_weight_select_ms,0.01584901474416256,1.0,703.0
md22_dha,md22_DHA_45597,spice,56,e3nn_pair_full,5,4,1_convolution.total_ms,2.078339923173189,1.0,0.0
md22_dha,md22_DHA_45597,spice,56,e3nn_pair_full,5,4,1_convolution.weight_nn_ms,0.09300210513174534,1.0,703.0
md22_dha,md22_DHA_45597,spice,56,e3nn_pair_full,5,4,2_convolution.denominator_ms,0.011584954336285591,1.0,0.0
md22_dha,md22_DHA_45597,spice,56,e3nn_pair_full,5,4,2_convolution.forward_aggregation_ms,0.06540096364915371,1.0,703.0
md22_dha,md22_DHA_45597,spice,56,e3nn_pair_full,5,4,2_convolution.forward_dst_index_ms,0.007898081094026566,1.0,703.0
md22_dha,md22_DHA_45597,spice,56,e3nn_pair_full,5,4,2_convolution.forward_filter_gather_ms,0.00789598561823368,1.0,703.0
md22_dha,md22_DHA_45597,spice,56,e3nn_pair_full,5,4,2_convolution.forward_message_tp_ms,1.4320740010589361,1.0,703.0
md22_dha,md22_DHA_45597,spice,56,e3nn_pair_full,5,4,2_convolution.forward_src_gather_ms,0.01295795664191246,1.0,703.0
md22_dha,md22_DHA_45597,spice,56,e3nn_pair_full,5,4,2_convolution.forward_src_index_ms,0.011955155059695244,1.0,703.0
md22_dha,md22_DHA_45597,spice,56,e3nn_pair_full,5,4,2_convolution.reverse_aggregation_ms,0.0689891166985035,1.0,703.0
md22_dha,md22_DHA_45597,spice,56,e3nn_pair_full,5,4,2_convolution.reverse_dst_index_ms,0.007521826773881912,1.0,703.0
md22_dha,md22_DHA_45597,spice,56,e3nn_pair_full,5,4,2_convolution.reverse_filter_gather_ms,0.008146045729517937,1.0,703.0
md22_dha,md22_DHA_45597,spice,56,e3nn_pair_full,5,4,2_convolution.reverse_message_tp_ms,1.4050740282982588,1.0,703.0
md22_dha,md22_DHA_45597,spice,56,e3nn_pair_full,5,4,2_convolution.reverse_src_gather_ms,0.012940960004925728,1.0,703.0
md22_dha,md22_DHA_45597,spice,56,e3nn_pair_full,5,4,2_convolution.reverse_src_index_ms,0.0096210278570652,1.0,703.0
md22_dha,md22_DHA_45597,spice,56,e3nn_pair_full,5,4,2_convolution.reverse_weight_select_ms,0.0257070641964674,1.0,703.0
md22_dha,md22_DHA_45597,spice,56,e3nn_pair_full,5,4,2_convolution.total_ms,3.3530250657349825,1.0,0.0
md22_dha,md22_DHA_45597,spice,56,e3nn_pair_full,5,4,2_convolution.weight_nn_ms,0.09539187885820866,1.0,703.0
md22_dha,md22_DHA_45597,spice,56,e3nn_pair_full,5,4,3_convolution.denominator_ms,0.011455966159701347,1.0,0.0
md22_dha,md22_DHA_45597,spice,56,e3nn_pair_full,5,4,3_convolution.forward_aggregation_ms,0.07308414205908775,1.0,703.0
md22_dha,md22_DHA_45597,spice,56,e3nn_pair_full,5,4,3_convolution.forward_dst_index_ms,0.007398892194032669,1.0,703.0
md22_dha,md22_DHA_45597,spice,56,e3nn_pair_full,5,4,3_convolution.forward_filter_gather_ms,0.008160946890711784,1.0,703.0
md22_dha,md22_DHA_45597,spice,56,e3nn_pair_full,5,4,3_convolution.forward_message_tp_ms,1.5055418480187654,1.0,703.0
md22_dha,md22_DHA_45597,spice,56,e3nn_pair_full,5,4,3_convolution.forward_src_gather_ms,0.013289973139762878,1.0,703.0
md22_dha,md22_DHA_45597,spice,56,e3nn_pair_full,5,4,3_convolution.forward_src_index_ms,0.01200009137392044,1.0,703.0
md22_dha,md22_DHA_45597,spice,56,e3nn_pair_full,5,4,3_convolution.reverse_aggregation_ms,0.0757130328565836,1.0,703.0
md22_dha,md22_DHA_45597,spice,56,e3nn_pair_full,5,4,3_convolution.reverse_dst_index_ms,0.007203081622719765,1.0,703.0
md22_dha,md22_DHA_45597,spice,56,e3nn_pair_full,5,4,3_convolution.reverse_filter_gather_ms,0.00807107426226139,1.0,703.0
md22_dha,md22_DHA_45597,spice,56,e3nn_pair_full,5,4,3_convolution.reverse_message_tp_ms,1.6029700636863708,1.0,703.0
md22_dha,md22_DHA_45597,spice,56,e3nn_pair_full,5,4,3_convolution.reverse_src_gather_ms,0.013069016858935356,1.0,703.0
md22_dha,md22_DHA_45597,spice,56,e3nn_pair_full,5,4,3_convolution.reverse_src_index_ms,0.010249903425574303,1.0,703.0
md22_dha,md22_DHA_45597,spice,56,e3nn_pair_full,5,4,3_convolution.reverse_weight_select_ms,0.02777203917503357,1.0,703.0
md22_dha,md22_DHA_45597,spice,56,e3nn_pair_full,5,4,3_convolution.total_ms,3.639911999925971,1.0,0.0
md22_dha,md22_DHA_45597,spice,56,e3nn_pair_full,5,4,3_convolution.weight_nn_ms,0.09601004421710968,1.0,703.0
md22_dha,md22_DHA_45597,spice,56,e3nn_pair_full,5,4,4_convolution.denominator_ms,0.009773997589945793,1.0,0.0
md22_dha,md22_DHA_45597,spice,56,e3nn_pair_full,5,4,4_convolution.forward_aggregation_ms,0.040740007534623146,1.0,703.0
md22_dha,md22_DHA_45597,spice,56,e3nn_pair_full,5,4,4_convolution.forward_dst_index_ms,0.007739057764410973,1.0,703.0
md22_dha,md22_DHA_45597,spice,56,e3nn_pair_full,5,4,4_convolution.forward_filter_gather_ms,0.00803614966571331,1.0,703.0
md22_dha,md22_DHA_45597,spice,56,e3nn_pair_full,5,4,4_convolution.forward_message_tp_ms,0.16986695118248463,1.0,703.0
md22_dha,md22_DHA_45597,spice,56,e3nn_pair_full,5,4,4_convolution.forward_src_gather_ms,0.011143041774630547,1.0,703.0
md22_dha,md22_DHA_45597,spice,56,e3nn_pair_full,5,4,4_convolution.forward_src_index_ms,0.01178588718175888,1.0,703.0
md22_dha,md22_DHA_45597,spice,56,e3nn_pair_full,5,4,4_convolution.reverse_aggregation_ms,0.03945687785744667,1.0,703.0
md22_dha,md22_DHA_45597,spice,56,e3nn_pair_full,5,4,4_convolution.reverse_dst_index_ms,0.008345115929841995,1.0,703.0
md22_dha,md22_DHA_45597,spice,56,e3nn_pair_full,5,4,4_convolution.reverse_filter_gather_ms,0.007805181667208672,1.0,703.0
md22_dha,md22_DHA_45597,spice,56,e3nn_pair_full,5,4,4_convolution.reverse_message_tp_ms,0.15207589603960514,1.0,703.0
md22_dha,md22_DHA_45597,spice,56,e3nn_pair_full,5,4,4_convolution.reverse_src_gather_ms,0.010858988389372826,1.0,703.0
md22_dha,md22_DHA_45597,spice,56,e3nn_pair_full,5,4,4_convolution.reverse_src_index_ms,0.009226147085428238,1.0,703.0
md22_dha,md22_DHA_45597,spice,56,e3nn_pair_full,5,4,4_convolution.reverse_weight_select_ms,0.008621951565146446,1.0,703.0
md22_dha,md22_DHA_45597,spice,56,e3nn_pair_full,5,4,4_convolution.total_ms,0.7466420065611601,1.0,0.0
md22_dha,md22_DHA_45597,spice,56,e3nn_pair_full,5,4,4_convolution.weight_nn_ms,0.090358080342412,1.0,703.0
md22_dha,md22_DHA_45597,spice,56,e3nn_pair_full,5,4,edge_embedding.cutoff_ms,0.08513103239238262,1.0,703.0
md22_dha,md22_DHA_45597,spice,56,e3nn_pair_full,5,4,edge_embedding.edge_attr_expand_ms,0.007672933861613274,1.0,1406.0
md22_dha,md22_DHA_45597,spice,56,e3nn_pair_full,5,4,edge_embedding.edge_attr_sign_apply_ms,0.008371192961931229,1.0,22496.0
md22_dha,md22_DHA_45597,spice,56,e3nn_pair_full,5,4,edge_embedding.edge_embedding_expand_ms,0.00852113589644432,1.0,1406.0
md22_dha,md22_DHA_45597,spice,56,e3nn_pair_full,5,4,edge_embedding.edge_length_expand_ms,0.012292061001062393,1.0,1406.0
md22_dha,md22_DHA_45597,spice,56,e3nn_pair_full,5,4,edge_embedding.edge_length_norm_ms,0.01925695687532425,1.0,703.0
md22_dha,md22_DHA_45597,spice,56,e3nn_pair_full,5,4,edge_embedding.pair_vec_select_ms,0.0192420557141304,1.0,703.0
md22_dha,md22_DHA_45597,spice,56,e3nn_pair_full,5,4,edge_embedding.radial_basis_ms,0.039419857785105705,1.0,703.0
md22_dha,md22_DHA_45597,spice,56,e3nn_pair_full,5,4,edge_embedding.radial_combine_ms,0.009534880518913269,1.0,5624.0
md22_dha,md22_DHA_45597,spice,56,e3nn_pair_full,5,4,edge_embedding.reverse_sign_ms,0.023279106244444847,1.0,22496.0
md22_dha,md22_DHA_45597,spice,56,e3nn_pair_full,5,4,edge_embedding.spherical_harmonics_ms,0.2949910704046488,1.0,703.0
md22_dha,md22_DHA_45597,spice,56,e3nn_pair_full,5,4,model_total_ms,116.20323383249342,1.0,0.0
md22_dha,md22_DHA_45597,spice,56,e3nn_pair_full,5,4,top_force_output_ms,40.12466385029256,1.0,0.0
md22_dha,md22_DHA_45597,spice,56,e3nn_pair_full,5,4,top_input_embedding_ms,0.9684369433671236,3.0,0.0
md22_dha,md22_DHA_45597,spice,56,e3nn_pair_full,5,4,top_interaction_other_ms,60.67826203070581,25.0,0.0
md22_dha,md22_DHA_45597,spice,56,e3nn_pair_full,5,4,top_readout_ms,2.7656275779008865,4.0,0.0
