dataset,sample_id,modal,natoms,case,repeat_idx,timing_ms,resolved_policy,n_warmup,n_repeat,device
ani1ccx,055:0,spice,55,flash_baseline,0,13.62482807599008,baseline,3,10,cuda
ani1ccx,055:0,spice,55,flash_baseline,1,13.349165907129645,baseline,3,10,cuda
ani1ccx,055:0,spice,55,flash_baseline,2,13.3614931255579,baseline,3,10,cuda
ani1ccx,055:0,spice,55,flash_baseline,3,13.506595976650715,baseline,3,10,cuda
ani1ccx,055:0,spice,55,flash_baseline,4,13.309638947248459,baseline,3,10,cuda
ani1ccx,055:0,spice,55,flash_baseline,5,13.315207092091441,baseline,3,10,cuda
ani1ccx,055:0,spice,55,flash_baseline,6,13.292037881910801,baseline,3,10,cuda
ani1ccx,055:0,spice,55,flash_baseline,7,13.324547093361616,baseline,3,10,cuda
ani1ccx,055:0,spice,55,flash_baseline,8,13.321327976882458,baseline,3,10,cuda
ani1ccx,055:0,spice,55,flash_baseline,9,13.254587072879076,baseline,3,10,cuda
ani1ccx,055:0,spice,55,flash_pair_auto,0,16.729206079617143,geometry_only,3,10,cuda
ani1ccx,055:0,spice,55,flash_pair_auto,1,24.8857990372926,geometry_only,3,10,cuda
ani1ccx,055:0,spice,55,flash_pair_auto,2,28.127321042120457,geometry_only,3,10,cuda
ani1ccx,055:0,spice,55,flash_pair_auto,3,27.34322682954371,geometry_only,3,10,cuda
ani1ccx,055:0,spice,55,flash_pair_auto,4,27.407491113990545,geometry_only,3,10,cuda
ani1ccx,055:0,spice,55,flash_pair_auto,5,27.2906799800694,geometry_only,3,10,cuda
ani1ccx,055:0,spice,55,flash_pair_auto,6,27.68710907548666,geometry_only,3,10,cuda
ani1ccx,055:0,spice,55,flash_pair_auto,7,27.829036815091968,geometry_only,3,10,cuda
ani1ccx,055:0,spice,55,flash_pair_auto,8,27.927468065172434,geometry_only,3,10,cuda
ani1ccx,055:0,spice,55,flash_pair_auto,9,27.96163293533027,geometry_only,3,10,cuda
ani1x,ani1x-release_416625,spice,63,flash_baseline,0,13.774577993899584,baseline,3,10,cuda
ani1x,ani1x-release_416625,spice,63,flash_baseline,1,13.456647982820868,baseline,3,10,cuda
ani1x,ani1x-release_416625,spice,63,flash_baseline,2,13.460692018270493,baseline,3,10,cuda
ani1x,ani1x-release_416625,spice,63,flash_baseline,3,13.449908932670951,baseline,3,10,cuda
ani1x,ani1x-release_416625,spice,63,flash_baseline,4,13.497449923306704,baseline,3,10,cuda
ani1x,ani1x-release_416625,spice,63,flash_baseline,5,13.432833831757307,baseline,3,10,cuda
ani1x,ani1x-release_416625,spice,63,flash_baseline,6,13.414567103609443,baseline,3,10,cuda
ani1x,ani1x-release_416625,spice,63,flash_baseline,7,13.446002965793014,baseline,3,10,cuda
ani1x,ani1x-release_416625,spice,63,flash_baseline,8,13.7048598844558,baseline,3,10,cuda
ani1x,ani1x-release_416625,spice,63,flash_baseline,9,13.504468137398362,baseline,3,10,cuda
ani1x,ani1x-release_416625,spice,63,flash_pair_auto,0,15.704205958172679,geometry_only,3,10,cuda
ani1x,ani1x-release_416625,spice,63,flash_pair_auto,1,15.94420988112688,geometry_only,3,10,cuda
ani1x,ani1x-release_416625,spice,63,flash_pair_auto,2,15.871722949668765,geometry_only,3,10,cuda
ani1x,ani1x-release_416625,spice,63,flash_pair_auto,3,16.50948403403163,geometry_only,3,10,cuda
ani1x,ani1x-release_416625,spice,63,flash_pair_auto,4,15.623116865754128,geometry_only,3,10,cuda
ani1x,ani1x-release_416625,spice,63,flash_pair_auto,5,16.186028020456433,geometry_only,3,10,cuda
ani1x,ani1x-release_416625,spice,63,flash_pair_auto,6,15.864968067035079,geometry_only,3,10,cuda
ani1x,ani1x-release_416625,spice,63,flash_pair_auto,7,15.939147910103202,geometry_only,3,10,cuda
ani1x,ani1x-release_416625,spice,63,flash_pair_auto,8,16.12237887457013,geometry_only,3,10,cuda
ani1x,ani1x-release_416625,spice,63,flash_pair_auto,9,16.004712088033557,geometry_only,3,10,cuda
iso17,iso17,spice,19,flash_baseline,0,13.609043089672923,baseline,3,10,cuda
iso17,iso17,spice,19,flash_baseline,1,13.353697955608368,baseline,3,10,cuda
iso17,iso17,spice,19,flash_baseline,2,13.449765043333173,baseline,3,10,cuda
iso17,iso17,spice,19,flash_baseline,3,13.399656862020493,baseline,3,10,cuda
iso17,iso17,spice,19,flash_baseline,4,13.526343973353505,baseline,3,10,cuda
iso17,iso17,spice,19,flash_baseline,5,13.350235065445304,baseline,3,10,cuda
iso17,iso17,spice,19,flash_baseline,6,13.314564945176244,baseline,3,10,cuda
iso17,iso17,spice,19,flash_baseline,7,13.425795128569007,baseline,3,10,cuda
iso17,iso17,spice,19,flash_baseline,8,13.366888975724578,baseline,3,10,cuda
iso17,iso17,spice,19,flash_baseline,9,13.346204999834299,baseline,3,10,cuda
iso17,iso17,spice,19,flash_pair_auto,0,13.849416049197316,geometry_only,3,10,cuda
iso17,iso17,spice,19,flash_pair_auto,1,13.727517100051045,geometry_only,3,10,cuda
iso17,iso17,spice,19,flash_pair_auto,2,13.750862097367644,geometry_only,3,10,cuda
iso17,iso17,spice,19,flash_pair_auto,3,13.718671863898635,geometry_only,3,10,cuda
iso17,iso17,spice,19,flash_pair_auto,4,13.715928886085749,geometry_only,3,10,cuda
iso17,iso17,spice,19,flash_pair_auto,5,13.739164918661118,geometry_only,3,10,cuda
iso17,iso17,spice,19,flash_pair_auto,6,13.733635889366269,geometry_only,3,10,cuda
iso17,iso17,spice,19,flash_pair_auto,7,13.697851914912462,geometry_only,3,10,cuda
iso17,iso17,spice,19,flash_pair_auto,8,13.727601151913404,geometry_only,3,10,cuda
iso17,iso17,spice,19,flash_pair_auto,9,13.660689117386937,geometry_only,3,10,cuda
md22_ac_ala3_nhme,md22_Ac-Ala3-NHMe_4756,spice,42,flash_baseline,0,13.645303901284933,baseline,3,10,cuda
md22_ac_ala3_nhme,md22_Ac-Ala3-NHMe_4756,spice,42,flash_baseline,1,13.416892848908901,baseline,3,10,cuda
md22_ac_ala3_nhme,md22_Ac-Ala3-NHMe_4756,spice,42,flash_baseline,2,13.507405994459987,baseline,3,10,cuda
md22_ac_ala3_nhme,md22_Ac-Ala3-NHMe_4756,spice,42,flash_baseline,3,13.378999894484878,baseline,3,10,cuda
md22_ac_ala3_nhme,md22_Ac-Ala3-NHMe_4756,spice,42,flash_baseline,4,13.428105972707272,baseline,3,10,cuda
md22_ac_ala3_nhme,md22_Ac-Ala3-NHMe_4756,spice,42,flash_baseline,5,13.389193918555975,baseline,3,10,cuda
md22_ac_ala3_nhme,md22_Ac-Ala3-NHMe_4756,spice,42,flash_baseline,6,13.352212961763144,baseline,3,10,cuda
md22_ac_ala3_nhme,md22_Ac-Ala3-NHMe_4756,spice,42,flash_baseline,7,13.39965290389955,baseline,3,10,cuda
md22_ac_ala3_nhme,md22_Ac-Ala3-NHMe_4756,spice,42,flash_baseline,8,13.396259862929583,baseline,3,10,cuda
md22_ac_ala3_nhme,md22_Ac-Ala3-NHMe_4756,spice,42,flash_baseline,9,13.370825909078121,baseline,3,10,cuda
md22_ac_ala3_nhme,md22_Ac-Ala3-NHMe_4756,spice,42,flash_pair_auto,0,16.049569938331842,geometry_only,3,10,cuda
md22_ac_ala3_nhme,md22_Ac-Ala3-NHMe_4756,spice,42,flash_pair_auto,1,16.089539043605328,geometry_only,3,10,cuda
md22_ac_ala3_nhme,md22_Ac-Ala3-NHMe_4756,spice,42,flash_pair_auto,2,15.840529929846525,geometry_only,3,10,cuda
md22_ac_ala3_nhme,md22_Ac-Ala3-NHMe_4756,spice,42,flash_pair_auto,3,16.657493077218533,geometry_only,3,10,cuda
md22_ac_ala3_nhme,md22_Ac-Ala3-NHMe_4756,spice,42,flash_pair_auto,4,15.471575083211064,geometry_only,3,10,cuda
md22_ac_ala3_nhme,md22_Ac-Ala3-NHMe_4756,spice,42,flash_pair_auto,5,16.202641883865,geometry_only,3,10,cuda
md22_ac_ala3_nhme,md22_Ac-Ala3-NHMe_4756,spice,42,flash_pair_auto,6,15.75323287397623,geometry_only,3,10,cuda
md22_ac_ala3_nhme,md22_Ac-Ala3-NHMe_4756,spice,42,flash_pair_auto,7,16.05559792369604,geometry_only,3,10,cuda
md22_ac_ala3_nhme,md22_Ac-Ala3-NHMe_4756,spice,42,flash_pair_auto,8,15.888632973656058,geometry_only,3,10,cuda
md22_ac_ala3_nhme,md22_Ac-Ala3-NHMe_4756,spice,42,flash_pair_auto,9,16.096770064905286,geometry_only,3,10,cuda
md22_at_at,md22_AT-AT_12521,spice,60,flash_baseline,0,13.984471093863249,baseline,3,10,cuda
md22_at_at,md22_AT-AT_12521,spice,60,flash_baseline,1,13.532742857933044,baseline,3,10,cuda
md22_at_at,md22_AT-AT_12521,spice,60,flash_baseline,2,13.476818101480603,baseline,3,10,cuda
md22_at_at,md22_AT-AT_12521,spice,60,flash_baseline,3,13.458855915814638,baseline,3,10,cuda
md22_at_at,md22_AT-AT_12521,spice,60,flash_baseline,4,13.493800070136786,baseline,3,10,cuda
md22_at_at,md22_AT-AT_12521,spice,60,flash_baseline,5,13.502995017915964,baseline,3,10,cuda
md22_at_at,md22_AT-AT_12521,spice,60,flash_baseline,6,13.489290839061141,baseline,3,10,cuda
md22_at_at,md22_AT-AT_12521,spice,60,flash_baseline,7,13.489965116605163,baseline,3,10,cuda
md22_at_at,md22_AT-AT_12521,spice,60,flash_baseline,8,13.46176490187645,baseline,3,10,cuda
md22_at_at,md22_AT-AT_12521,spice,60,flash_baseline,9,13.459349051117897,baseline,3,10,cuda
md22_at_at,md22_AT-AT_12521,spice,60,flash_pair_auto,0,17.137876944616437,geometry_only,3,10,cuda
md22_at_at,md22_AT-AT_12521,spice,60,flash_pair_auto,1,24.861075915396214,geometry_only,3,10,cuda
md22_at_at,md22_AT-AT_12521,spice,60,flash_pair_auto,2,19.810711964964867,geometry_only,3,10,cuda
md22_at_at,md22_AT-AT_12521,spice,60,flash_pair_auto,3,19.688301952555776,geometry_only,3,10,cuda
md22_at_at,md22_AT-AT_12521,spice,60,flash_pair_auto,4,19.37970914877951,geometry_only,3,10,cuda
md22_at_at,md22_AT-AT_12521,spice,60,flash_pair_auto,5,20.064424956217408,geometry_only,3,10,cuda
md22_at_at,md22_AT-AT_12521,spice,60,flash_pair_auto,6,19.63389292359352,geometry_only,3,10,cuda
md22_at_at,md22_AT-AT_12521,spice,60,flash_pair_auto,7,17.149815103039145,geometry_only,3,10,cuda
md22_at_at,md22_AT-AT_12521,spice,60,flash_pair_auto,8,22.71367609500885,geometry_only,3,10,cuda
md22_at_at,md22_AT-AT_12521,spice,60,flash_pair_auto,9,20.025585079565644,geometry_only,3,10,cuda
md22_at_at_cg_cg,md22_AT-AT-CG-CG_3798,spice,118,flash_baseline,0,14.065315015614033,baseline,3,10,cuda
md22_at_at_cg_cg,md22_AT-AT-CG-CG_3798,spice,118,flash_baseline,1,13.77972587943077,baseline,3,10,cuda
md22_at_at_cg_cg,md22_AT-AT-CG-CG_3798,spice,118,flash_baseline,2,13.658995972946286,baseline,3,10,cuda
md22_at_at_cg_cg,md22_AT-AT-CG-CG_3798,spice,118,flash_baseline,3,13.699406059458852,baseline,3,10,cuda
md22_at_at_cg_cg,md22_AT-AT-CG-CG_3798,spice,118,flash_baseline,4,13.715662062168121,baseline,3,10,cuda
md22_at_at_cg_cg,md22_AT-AT-CG-CG_3798,spice,118,flash_baseline,5,13.693775981664658,baseline,3,10,cuda
md22_at_at_cg_cg,md22_AT-AT-CG-CG_3798,spice,118,flash_baseline,6,13.73909693211317,baseline,3,10,cuda
md22_at_at_cg_cg,md22_AT-AT-CG-CG_3798,spice,118,flash_baseline,7,13.66327004507184,baseline,3,10,cuda
md22_at_at_cg_cg,md22_AT-AT-CG-CG_3798,spice,118,flash_baseline,8,13.744154013693333,baseline,3,10,cuda
md22_at_at_cg_cg,md22_AT-AT-CG-CG_3798,spice,118,flash_baseline,9,13.70315789245069,baseline,3,10,cuda
md22_at_at_cg_cg,md22_AT-AT-CG-CG_3798,spice,118,flash_pair_auto,0,18.16571201197803,geometry_only,3,10,cuda
md22_at_at_cg_cg,md22_AT-AT-CG-CG_3798,spice,118,flash_pair_auto,1,16.502889106050134,geometry_only,3,10,cuda
md22_at_at_cg_cg,md22_AT-AT-CG-CG_3798,spice,118,flash_pair_auto,2,16.630633966997266,geometry_only,3,10,cuda
md22_at_at_cg_cg,md22_AT-AT-CG-CG_3798,spice,118,flash_pair_auto,3,15.809591859579086,geometry_only,3,10,cuda
md22_at_at_cg_cg,md22_AT-AT-CG-CG_3798,spice,118,flash_pair_auto,4,16.355641884729266,geometry_only,3,10,cuda
md22_at_at_cg_cg,md22_AT-AT-CG-CG_3798,spice,118,flash_pair_auto,5,15.656920848414302,geometry_only,3,10,cuda
md22_at_at_cg_cg,md22_AT-AT-CG-CG_3798,spice,118,flash_pair_auto,6,15.91428997926414,geometry_only,3,10,cuda
md22_at_at_cg_cg,md22_AT-AT-CG-CG_3798,spice,118,flash_pair_auto,7,19.1127210855484,geometry_only,3,10,cuda
md22_at_at_cg_cg,md22_AT-AT-CG-CG_3798,spice,118,flash_pair_auto,8,19.99969407916069,geometry_only,3,10,cuda
md22_at_at_cg_cg,md22_AT-AT-CG-CG_3798,spice,118,flash_pair_auto,9,19.547862000763416,geometry_only,3,10,cuda
md22_buckyball_catcher,md22_buckyball-catcher_1114,spice,148,flash_baseline,0,14.864605851471424,baseline,3,10,cuda
md22_buckyball_catcher,md22_buckyball-catcher_1114,spice,148,flash_baseline,1,14.146732166409492,baseline,3,10,cuda
md22_buckyball_catcher,md22_buckyball-catcher_1114,spice,148,flash_baseline,2,14.563194010406733,baseline,3,10,cuda
md22_buckyball_catcher,md22_buckyball-catcher_1114,spice,148,flash_baseline,3,14.539375901222229,baseline,3,10,cuda
md22_buckyball_catcher,md22_buckyball-catcher_1114,spice,148,flash_baseline,4,14.563373988494277,baseline,3,10,cuda
md22_buckyball_catcher,md22_buckyball-catcher_1114,spice,148,flash_baseline,5,14.541929122060537,baseline,3,10,cuda
md22_buckyball_catcher,md22_buckyball-catcher_1114,spice,148,flash_baseline,6,14.15441487915814,baseline,3,10,cuda
md22_buckyball_catcher,md22_buckyball-catcher_1114,spice,148,flash_baseline,7,14.630274847149849,baseline,3,10,cuda
md22_buckyball_catcher,md22_buckyball-catcher_1114,spice,148,flash_baseline,8,14.563888078555465,baseline,3,10,cuda
md22_buckyball_catcher,md22_buckyball-catcher_1114,spice,148,flash_baseline,9,14.613948063924909,baseline,3,10,cuda
md22_buckyball_catcher,md22_buckyball-catcher_1114,spice,148,flash_pair_auto,0,17.946505919098854,geometry_only,3,10,cuda
md22_buckyball_catcher,md22_buckyball-catcher_1114,spice,148,flash_pair_auto,1,22.353470092639327,geometry_only,3,10,cuda
md22_buckyball_catcher,md22_buckyball-catcher_1114,spice,148,flash_pair_auto,2,27.153025148436427,geometry_only,3,10,cuda
md22_buckyball_catcher,md22_buckyball-catcher_1114,spice,148,flash_pair_auto,3,22.310845088213682,geometry_only,3,10,cuda
md22_buckyball_catcher,md22_buckyball-catcher_1114,spice,148,flash_pair_auto,4,23.942137835547328,geometry_only,3,10,cuda
md22_buckyball_catcher,md22_buckyball-catcher_1114,spice,148,flash_pair_auto,5,25.902691995725036,geometry_only,3,10,cuda
md22_buckyball_catcher,md22_buckyball-catcher_1114,spice,148,flash_pair_auto,6,27.113097021356225,geometry_only,3,10,cuda
md22_buckyball_catcher,md22_buckyball-catcher_1114,spice,148,flash_pair_auto,7,22.857907926663756,geometry_only,3,10,cuda
md22_buckyball_catcher,md22_buckyball-catcher_1114,spice,148,flash_pair_auto,8,25.577440857887268,geometry_only,3,10,cuda
md22_buckyball_catcher,md22_buckyball-catcher_1114,spice,148,flash_pair_auto,9,22.32312294654548,geometry_only,3,10,cuda
md22_dha,md22_DHA_45597,spice,56,flash_baseline,0,13.719890033826232,baseline,3,10,cuda
md22_dha,md22_DHA_45597,spice,56,flash_baseline,1,13.508260948583484,baseline,3,10,cuda
md22_dha,md22_DHA_45597,spice,56,flash_baseline,2,13.524224981665611,baseline,3,10,cuda
md22_dha,md22_DHA_45597,spice,56,flash_baseline,3,13.58842896297574,baseline,3,10,cuda
md22_dha,md22_DHA_45597,spice,56,flash_baseline,4,13.454651925712824,baseline,3,10,cuda
md22_dha,md22_DHA_45597,spice,56,flash_baseline,5,13.448924059048295,baseline,3,10,cuda
md22_dha,md22_DHA_45597,spice,56,flash_baseline,6,13.562086038291454,baseline,3,10,cuda
md22_dha,md22_DHA_45597,spice,56,flash_baseline,7,13.455558102577925,baseline,3,10,cuda
md22_dha,md22_DHA_45597,spice,56,flash_baseline,8,13.439554953947663,baseline,3,10,cuda
md22_dha,md22_DHA_45597,spice,56,flash_baseline,9,13.436019886285067,baseline,3,10,cuda
md22_dha,md22_DHA_45597,spice,56,flash_pair_auto,0,15.938509022817016,geometry_only,3,10,cuda
md22_dha,md22_DHA_45597,spice,56,flash_pair_auto,1,15.869866823777556,geometry_only,3,10,cuda
md22_dha,md22_DHA_45597,spice,56,flash_pair_auto,2,15.803307993337512,geometry_only,3,10,cuda
md22_dha,md22_DHA_45597,spice,56,flash_pair_auto,3,16.663669841364026,geometry_only,3,10,cuda
md22_dha,md22_DHA_45597,spice,56,flash_pair_auto,4,15.563015127554536,geometry_only,3,10,cuda
md22_dha,md22_DHA_45597,spice,56,flash_pair_auto,5,15.980313066393137,geometry_only,3,10,cuda
md22_dha,md22_DHA_45597,spice,56,flash_pair_auto,6,15.89181600138545,geometry_only,3,10,cuda
md22_dha,md22_DHA_45597,spice,56,flash_pair_auto,7,16.16504485718906,geometry_only,3,10,cuda
md22_dha,md22_DHA_45597,spice,56,flash_pair_auto,8,15.856562182307243,geometry_only,3,10,cuda
md22_dha,md22_DHA_45597,spice,56,flash_pair_auto,9,16.04683301411569,geometry_only,3,10,cuda
md22_double_walled_nanotube,md22_double-walled_nanotube_1987,spice,370,flash_baseline,0,28.7911060731858,baseline,3,10,cuda
md22_double_walled_nanotube,md22_double-walled_nanotube_1987,spice,370,flash_baseline,1,30.162525828927755,baseline,3,10,cuda
md22_double_walled_nanotube,md22_double-walled_nanotube_1987,spice,370,flash_baseline,2,28.42413797043264,baseline,3,10,cuda
md22_double_walled_nanotube,md22_double-walled_nanotube_1987,spice,370,flash_baseline,3,27.957716025412083,baseline,3,10,cuda
md22_double_walled_nanotube,md22_double-walled_nanotube_1987,spice,370,flash_baseline,4,27.838353998959064,baseline,3,10,cuda
md22_double_walled_nanotube,md22_double-walled_nanotube_1987,spice,370,flash_baseline,5,27.879567816853523,baseline,3,10,cuda
md22_double_walled_nanotube,md22_double-walled_nanotube_1987,spice,370,flash_baseline,6,27.857411187142134,baseline,3,10,cuda
md22_double_walled_nanotube,md22_double-walled_nanotube_1987,spice,370,flash_baseline,7,27.734420029446483,baseline,3,10,cuda
md22_double_walled_nanotube,md22_double-walled_nanotube_1987,spice,370,flash_baseline,8,27.920658001676202,baseline,3,10,cuda
md22_double_walled_nanotube,md22_double-walled_nanotube_1987,spice,370,flash_baseline,9,28.126067016273737,baseline,3,10,cuda
md22_double_walled_nanotube,md22_double-walled_nanotube_1987,spice,370,flash_pair_auto,0,32.92480297386646,geometry_only,3,10,cuda
md22_double_walled_nanotube,md22_double-walled_nanotube_1987,spice,370,flash_pair_auto,1,32.83369494602084,geometry_only,3,10,cuda
md22_double_walled_nanotube,md22_double-walled_nanotube_1987,spice,370,flash_pair_auto,2,32.34869590960443,geometry_only,3,10,cuda
md22_double_walled_nanotube,md22_double-walled_nanotube_1987,spice,370,flash_pair_auto,3,32.466711942106485,geometry_only,3,10,cuda
md22_double_walled_nanotube,md22_double-walled_nanotube_1987,spice,370,flash_pair_auto,4,32.1428959723562,geometry_only,3,10,cuda
md22_double_walled_nanotube,md22_double-walled_nanotube_1987,spice,370,flash_pair_auto,5,32.059116987511516,geometry_only,3,10,cuda
md22_double_walled_nanotube,md22_double-walled_nanotube_1987,spice,370,flash_pair_auto,6,32.20877889543772,geometry_only,3,10,cuda
md22_double_walled_nanotube,md22_double-walled_nanotube_1987,spice,370,flash_pair_auto,7,32.26386592723429,geometry_only,3,10,cuda
md22_double_walled_nanotube,md22_double-walled_nanotube_1987,spice,370,flash_pair_auto,8,31.99057304300368,geometry_only,3,10,cuda
md22_double_walled_nanotube,md22_double-walled_nanotube_1987,spice,370,flash_pair_auto,9,32.214339124038815,geometry_only,3,10,cuda
md22_stachyose,md22_stachyose_10546,spice,87,flash_baseline,0,13.973266119137406,baseline,3,10,cuda
md22_stachyose,md22_stachyose_10546,spice,87,flash_baseline,1,13.646173989400268,baseline,3,10,cuda
md22_stachyose,md22_stachyose_10546,spice,87,flash_baseline,2,13.63194384612143,baseline,3,10,cuda
md22_stachyose,md22_stachyose_10546,spice,87,flash_baseline,3,13.650654116645455,baseline,3,10,cuda
md22_stachyose,md22_stachyose_10546,spice,87,flash_baseline,4,13.636020012199879,baseline,3,10,cuda
md22_stachyose,md22_stachyose_10546,spice,87,flash_baseline,5,13.613878982141614,baseline,3,10,cuda
md22_stachyose,md22_stachyose_10546,spice,87,flash_baseline,6,13.634807895869017,baseline,3,10,cuda
md22_stachyose,md22_stachyose_10546,spice,87,flash_baseline,7,13.669359963387251,baseline,3,10,cuda
md22_stachyose,md22_stachyose_10546,spice,87,flash_baseline,8,13.612675946205854,baseline,3,10,cuda
md22_stachyose,md22_stachyose_10546,spice,87,flash_baseline,9,13.648211024701595,baseline,3,10,cuda
md22_stachyose,md22_stachyose_10546,spice,87,flash_pair_auto,0,17.459794878959656,geometry_only,3,10,cuda
md22_stachyose,md22_stachyose_10546,spice,87,flash_pair_auto,1,19.87235201522708,geometry_only,3,10,cuda
md22_stachyose,md22_stachyose_10546,spice,87,flash_pair_auto,2,23.222333984449506,geometry_only,3,10,cuda
md22_stachyose,md22_stachyose_10546,spice,87,flash_pair_auto,3,20.77856892719865,geometry_only,3,10,cuda
md22_stachyose,md22_stachyose_10546,spice,87,flash_pair_auto,4,19.971112022176385,geometry_only,3,10,cuda
md22_stachyose,md22_stachyose_10546,spice,87,flash_pair_auto,5,17.628928879275918,geometry_only,3,10,cuda
md22_stachyose,md22_stachyose_10546,spice,87,flash_pair_auto,6,18.403329886496067,geometry_only,3,10,cuda
md22_stachyose,md22_stachyose_10546,spice,87,flash_pair_auto,7,23.271640995517373,geometry_only,3,10,cuda
md22_stachyose,md22_stachyose_10546,spice,87,flash_pair_auto,8,23.850516881793737,geometry_only,3,10,cuda
md22_stachyose,md22_stachyose_10546,spice,87,flash_pair_auto,9,20.85655787959695,geometry_only,3,10,cuda
mptrj,mp-1204603,mpa,444,flash_baseline,0,33.81590801291168,baseline,3,10,cuda
mptrj,mp-1204603,mpa,444,flash_baseline,1,33.73135696165264,baseline,3,10,cuda
mptrj,mp-1204603,mpa,444,flash_baseline,2,32.79740898869932,baseline,3,10,cuda
mptrj,mp-1204603,mpa,444,flash_baseline,3,32.4397380463779,baseline,3,10,cuda
mptrj,mp-1204603,mpa,444,flash_baseline,4,32.78517187573016,baseline,3,10,cuda
mptrj,mp-1204603,mpa,444,flash_baseline,5,33.16406509838998,baseline,3,10,cuda
mptrj,mp-1204603,mpa,444,flash_baseline,6,32.64428302645683,baseline,3,10,cuda
mptrj,mp-1204603,mpa,444,flash_baseline,7,32.54476096481085,baseline,3,10,cuda
mptrj,mp-1204603,mpa,444,flash_baseline,8,32.53840398974717,baseline,3,10,cuda
mptrj,mp-1204603,mpa,444,flash_baseline,9,32.45063382200897,baseline,3,10,cuda
mptrj,mp-1204603,mpa,444,flash_pair_auto,0,39.12900993600488,geometry_only,3,10,cuda
mptrj,mp-1204603,mpa,444,flash_pair_auto,1,38.50377886556089,geometry_only,3,10,cuda
mptrj,mp-1204603,mpa,444,flash_pair_auto,2,38.494205102324486,geometry_only,3,10,cuda
mptrj,mp-1204603,mpa,444,flash_pair_auto,3,37.61657094582915,geometry_only,3,10,cuda
mptrj,mp-1204603,mpa,444,flash_pair_auto,4,37.71706693805754,geometry_only,3,10,cuda
mptrj,mp-1204603,mpa,444,flash_pair_auto,5,37.7473090775311,geometry_only,3,10,cuda
mptrj,mp-1204603,mpa,444,flash_pair_auto,6,37.83148084767163,geometry_only,3,10,cuda
mptrj,mp-1204603,mpa,444,flash_pair_auto,7,37.644275929778814,geometry_only,3,10,cuda
mptrj,mp-1204603,mpa,444,flash_pair_auto,8,37.85107401199639,geometry_only,3,10,cuda
mptrj,mp-1204603,mpa,444,flash_pair_auto,9,37.75456617586315,geometry_only,3,10,cuda
oc20_s2ef_train_20m,OC20_S2EF_train_20M__file_0444__config_1055,oc20,225,flash_baseline,0,16.37665112502873,baseline,3,10,cuda
oc20_s2ef_train_20m,OC20_S2EF_train_20M__file_0444__config_1055,oc20,225,flash_baseline,1,16.088995849713683,baseline,3,10,cuda
oc20_s2ef_train_20m,OC20_S2EF_train_20M__file_0444__config_1055,oc20,225,flash_baseline,2,16.038184985518456,baseline,3,10,cuda
oc20_s2ef_train_20m,OC20_S2EF_train_20M__file_0444__config_1055,oc20,225,flash_baseline,3,16.02510898374021,baseline,3,10,cuda
oc20_s2ef_train_20m,OC20_S2EF_train_20M__file_0444__config_1055,oc20,225,flash_baseline,4,16.030936036258936,baseline,3,10,cuda
oc20_s2ef_train_20m,OC20_S2EF_train_20M__file_0444__config_1055,oc20,225,flash_baseline,5,15.614141942933202,baseline,3,10,cuda
oc20_s2ef_train_20m,OC20_S2EF_train_20M__file_0444__config_1055,oc20,225,flash_baseline,6,16.09500707127154,baseline,3,10,cuda
oc20_s2ef_train_20m,OC20_S2EF_train_20M__file_0444__config_1055,oc20,225,flash_baseline,7,16.035296022892,baseline,3,10,cuda
oc20_s2ef_train_20m,OC20_S2EF_train_20M__file_0444__config_1055,oc20,225,flash_baseline,8,15.784604009240866,baseline,3,10,cuda
oc20_s2ef_train_20m,OC20_S2EF_train_20M__file_0444__config_1055,oc20,225,flash_baseline,9,15.750800957903266,baseline,3,10,cuda
oc20_s2ef_train_20m,OC20_S2EF_train_20M__file_0444__config_1055,oc20,225,flash_pair_auto,0,28.46784214489162,geometry_only,3,10,cuda
oc20_s2ef_train_20m,OC20_S2EF_train_20M__file_0444__config_1055,oc20,225,flash_pair_auto,1,23.432663176208735,geometry_only,3,10,cuda
oc20_s2ef_train_20m,OC20_S2EF_train_20M__file_0444__config_1055,oc20,225,flash_pair_auto,2,26.793682016432285,geometry_only,3,10,cuda
oc20_s2ef_train_20m,OC20_S2EF_train_20M__file_0444__config_1055,oc20,225,flash_pair_auto,3,26.416434906423092,geometry_only,3,10,cuda
oc20_s2ef_train_20m,OC20_S2EF_train_20M__file_0444__config_1055,oc20,225,flash_pair_auto,4,27.992588002234697,geometry_only,3,10,cuda
oc20_s2ef_train_20m,OC20_S2EF_train_20M__file_0444__config_1055,oc20,225,flash_pair_auto,5,28.03384605795145,geometry_only,3,10,cuda
oc20_s2ef_train_20m,OC20_S2EF_train_20M__file_0444__config_1055,oc20,225,flash_pair_auto,6,28.344767866656184,geometry_only,3,10,cuda
oc20_s2ef_train_20m,OC20_S2EF_train_20M__file_0444__config_1055,oc20,225,flash_pair_auto,7,28.14566600136459,geometry_only,3,10,cuda
oc20_s2ef_train_20m,OC20_S2EF_train_20M__file_0444__config_1055,oc20,225,flash_pair_auto,8,27.65151998028159,geometry_only,3,10,cuda
oc20_s2ef_train_20m,OC20_S2EF_train_20M__file_0444__config_1055,oc20,225,flash_pair_auto,9,27.780329110100865,geometry_only,3,10,cuda
oc20_s2ef_train_2m,frame27,oc20,225,flash_baseline,0,17.95955910347402,baseline,3,10,cuda
oc20_s2ef_train_2m,frame27,oc20,225,flash_baseline,1,17.889834009110928,baseline,3,10,cuda
oc20_s2ef_train_2m,frame27,oc20,225,flash_baseline,2,17.814666032791138,baseline,3,10,cuda
oc20_s2ef_train_2m,frame27,oc20,225,flash_baseline,3,17.52889691852033,baseline,3,10,cuda
oc20_s2ef_train_2m,frame27,oc20,225,flash_baseline,4,17.875463934615254,baseline,3,10,cuda
oc20_s2ef_train_2m,frame27,oc20,225,flash_baseline,5,17.876110039651394,baseline,3,10,cuda
oc20_s2ef_train_2m,frame27,oc20,225,flash_baseline,6,17.87260198034346,baseline,3,10,cuda
oc20_s2ef_train_2m,frame27,oc20,225,flash_baseline,7,17.874397803097963,baseline,3,10,cuda
oc20_s2ef_train_2m,frame27,oc20,225,flash_baseline,8,17.866225913167,baseline,3,10,cuda
oc20_s2ef_train_2m,frame27,oc20,225,flash_baseline,9,17.852756893262267,baseline,3,10,cuda
oc20_s2ef_train_2m,frame27,oc20,225,flash_pair_auto,0,22.11020584218204,geometry_only,3,10,cuda
oc20_s2ef_train_2m,frame27,oc20,225,flash_pair_auto,1,28.171177953481674,geometry_only,3,10,cuda
oc20_s2ef_train_2m,frame27,oc20,225,flash_pair_auto,2,27.65836799517274,geometry_only,3,10,cuda
oc20_s2ef_train_2m,frame27,oc20,225,flash_pair_auto,3,26.11592411994934,geometry_only,3,10,cuda
oc20_s2ef_train_2m,frame27,oc20,225,flash_pair_auto,4,26.219507912173867,geometry_only,3,10,cuda
oc20_s2ef_train_2m,frame27,oc20,225,flash_pair_auto,5,24.63400107808411,geometry_only,3,10,cuda
oc20_s2ef_train_2m,frame27,oc20,225,flash_pair_auto,6,21.863422822207212,geometry_only,3,10,cuda
oc20_s2ef_train_2m,frame27,oc20,225,flash_pair_auto,7,32.97903295606375,geometry_only,3,10,cuda
oc20_s2ef_train_2m,frame27,oc20,225,flash_pair_auto,8,23.66636600345373,geometry_only,3,10,cuda
oc20_s2ef_train_2m,frame27,oc20,225,flash_pair_auto,9,27.396545046940446,geometry_only,3,10,cuda
oc20_s2ef_val_id,OC20_S2EF_val_id__file_0049__config_3636,oc20,225,flash_baseline,0,25.75442288070917,baseline,3,10,cuda
oc20_s2ef_val_id,OC20_S2EF_val_id__file_0049__config_3636,oc20,225,flash_baseline,1,24.1996250115335,baseline,3,10,cuda
oc20_s2ef_val_id,OC20_S2EF_val_id__file_0049__config_3636,oc20,225,flash_baseline,2,23.58544897288084,baseline,3,10,cuda
oc20_s2ef_val_id,OC20_S2EF_val_id__file_0049__config_3636,oc20,225,flash_baseline,3,25.23612300865352,baseline,3,10,cuda
oc20_s2ef_val_id,OC20_S2EF_val_id__file_0049__config_3636,oc20,225,flash_baseline,4,29.036483960226178,baseline,3,10,cuda
oc20_s2ef_val_id,OC20_S2EF_val_id__file_0049__config_3636,oc20,225,flash_baseline,5,27.85816788673401,baseline,3,10,cuda
oc20_s2ef_val_id,OC20_S2EF_val_id__file_0049__config_3636,oc20,225,flash_baseline,6,28.109298087656498,baseline,3,10,cuda
oc20_s2ef_val_id,OC20_S2EF_val_id__file_0049__config_3636,oc20,225,flash_baseline,7,28.275416931137443,baseline,3,10,cuda
oc20_s2ef_val_id,OC20_S2EF_val_id__file_0049__config_3636,oc20,225,flash_baseline,8,27.608611853793263,baseline,3,10,cuda
oc20_s2ef_val_id,OC20_S2EF_val_id__file_0049__config_3636,oc20,225,flash_baseline,9,27.592645958065987,baseline,3,10,cuda
oc20_s2ef_val_id,OC20_S2EF_val_id__file_0049__config_3636,oc20,225,flash_pair_auto,0,25.767032988369465,geometry_only,3,10,cuda
oc20_s2ef_val_id,OC20_S2EF_val_id__file_0049__config_3636,oc20,225,flash_pair_auto,1,31.602734932675958,geometry_only,3,10,cuda
oc20_s2ef_val_id,OC20_S2EF_val_id__file_0049__config_3636,oc20,225,flash_pair_auto,2,28.1953988596797,geometry_only,3,10,cuda
oc20_s2ef_val_id,OC20_S2EF_val_id__file_0049__config_3636,oc20,225,flash_pair_auto,3,28.352178167551756,geometry_only,3,10,cuda
oc20_s2ef_val_id,OC20_S2EF_val_id__file_0049__config_3636,oc20,225,flash_pair_auto,4,27.390202973037958,geometry_only,3,10,cuda
oc20_s2ef_val_id,OC20_S2EF_val_id__file_0049__config_3636,oc20,225,flash_pair_auto,5,28.605019906535745,geometry_only,3,10,cuda
oc20_s2ef_val_id,OC20_S2EF_val_id__file_0049__config_3636,oc20,225,flash_pair_auto,6,24.00220511481166,geometry_only,3,10,cuda
oc20_s2ef_val_id,OC20_S2EF_val_id__file_0049__config_3636,oc20,225,flash_pair_auto,7,26.87777206301689,geometry_only,3,10,cuda
oc20_s2ef_val_id,OC20_S2EF_val_id__file_0049__config_3636,oc20,225,flash_pair_auto,8,24.797520134598017,geometry_only,3,10,cuda
oc20_s2ef_val_id,OC20_S2EF_val_id__file_0049__config_3636,oc20,225,flash_pair_auto,9,27.62095583602786,geometry_only,3,10,cuda
oc20_s2ef_val_ood_ads,OC20_S2EF_val_ood_ads__file_0071__config_1575,oc20,225,flash_baseline,0,15.94625599682331,baseline,3,10,cuda
oc20_s2ef_val_ood_ads,OC20_S2EF_val_ood_ads__file_0071__config_1575,oc20,225,flash_baseline,1,15.292803989723325,baseline,3,10,cuda
oc20_s2ef_val_ood_ads,OC20_S2EF_val_ood_ads__file_0071__config_1575,oc20,225,flash_baseline,2,15.674266964197159,baseline,3,10,cuda
oc20_s2ef_val_ood_ads,OC20_S2EF_val_ood_ads__file_0071__config_1575,oc20,225,flash_baseline,3,15.69325104355812,baseline,3,10,cuda
oc20_s2ef_val_ood_ads,OC20_S2EF_val_ood_ads__file_0071__config_1575,oc20,225,flash_baseline,4,15.61706606298685,baseline,3,10,cuda
oc20_s2ef_val_ood_ads,OC20_S2EF_val_ood_ads__file_0071__config_1575,oc20,225,flash_baseline,5,15.670636901631951,baseline,3,10,cuda
oc20_s2ef_val_ood_ads,OC20_S2EF_val_ood_ads__file_0071__config_1575,oc20,225,flash_baseline,6,15.8585119061172,baseline,3,10,cuda
oc20_s2ef_val_ood_ads,OC20_S2EF_val_ood_ads__file_0071__config_1575,oc20,225,flash_baseline,7,15.715940156951547,baseline,3,10,cuda
oc20_s2ef_val_ood_ads,OC20_S2EF_val_ood_ads__file_0071__config_1575,oc20,225,flash_baseline,8,15.673857880756259,baseline,3,10,cuda
oc20_s2ef_val_ood_ads,OC20_S2EF_val_ood_ads__file_0071__config_1575,oc20,225,flash_baseline,9,15.421247109770775,baseline,3,10,cuda
oc20_s2ef_val_ood_ads,OC20_S2EF_val_ood_ads__file_0071__config_1575,oc20,225,flash_pair_auto,0,19.969355082139373,geometry_only,3,10,cuda
oc20_s2ef_val_ood_ads,OC20_S2EF_val_ood_ads__file_0071__config_1575,oc20,225,flash_pair_auto,1,17.09000999107957,geometry_only,3,10,cuda
oc20_s2ef_val_ood_ads,OC20_S2EF_val_ood_ads__file_0071__config_1575,oc20,225,flash_pair_auto,2,19.340093014761806,geometry_only,3,10,cuda
oc20_s2ef_val_ood_ads,OC20_S2EF_val_ood_ads__file_0071__config_1575,oc20,225,flash_pair_auto,3,23.453074041754007,geometry_only,3,10,cuda
oc20_s2ef_val_ood_ads,OC20_S2EF_val_ood_ads__file_0071__config_1575,oc20,225,flash_pair_auto,4,25.978056015446782,geometry_only,3,10,cuda
oc20_s2ef_val_ood_ads,OC20_S2EF_val_ood_ads__file_0071__config_1575,oc20,225,flash_pair_auto,5,22.685417905449867,geometry_only,3,10,cuda
oc20_s2ef_val_ood_ads,OC20_S2EF_val_ood_ads__file_0071__config_1575,oc20,225,flash_pair_auto,6,20.371234975755215,geometry_only,3,10,cuda
oc20_s2ef_val_ood_ads,OC20_S2EF_val_ood_ads__file_0071__config_1575,oc20,225,flash_pair_auto,7,21.920274011790752,geometry_only,3,10,cuda
oc20_s2ef_val_ood_ads,OC20_S2EF_val_ood_ads__file_0071__config_1575,oc20,225,flash_pair_auto,8,21.673252107575536,geometry_only,3,10,cuda
oc20_s2ef_val_ood_ads,OC20_S2EF_val_ood_ads__file_0071__config_1575,oc20,225,flash_pair_auto,9,20.224286941811442,geometry_only,3,10,cuda
oc20_s2ef_val_ood_both,OC20_S2EF_val_ood_both__file_0113__config_496,oc20,223,flash_baseline,0,19.101490965113044,baseline,3,10,cuda
oc20_s2ef_val_ood_both,OC20_S2EF_val_ood_both__file_0113__config_496,oc20,223,flash_baseline,1,21.17559197358787,baseline,3,10,cuda
oc20_s2ef_val_ood_both,OC20_S2EF_val_ood_both__file_0113__config_496,oc20,223,flash_baseline,2,27.194990077987313,baseline,3,10,cuda
oc20_s2ef_val_ood_both,OC20_S2EF_val_ood_both__file_0113__config_496,oc20,223,flash_baseline,3,28.545330045744777,baseline,3,10,cuda
oc20_s2ef_val_ood_both,OC20_S2EF_val_ood_both__file_0113__config_496,oc20,223,flash_baseline,4,29.272020794451237,baseline,3,10,cuda
oc20_s2ef_val_ood_both,OC20_S2EF_val_ood_both__file_0113__config_496,oc20,223,flash_baseline,5,22.66315184533596,baseline,3,10,cuda
oc20_s2ef_val_ood_both,OC20_S2EF_val_ood_both__file_0113__config_496,oc20,223,flash_baseline,6,23.46640988253057,baseline,3,10,cuda
oc20_s2ef_val_ood_both,OC20_S2EF_val_ood_both__file_0113__config_496,oc20,223,flash_baseline,7,22.549554938450456,baseline,3,10,cuda
oc20_s2ef_val_ood_both,OC20_S2EF_val_ood_both__file_0113__config_496,oc20,223,flash_baseline,8,25.533166015520692,baseline,3,10,cuda
oc20_s2ef_val_ood_both,OC20_S2EF_val_ood_both__file_0113__config_496,oc20,223,flash_baseline,9,28.304248116910458,baseline,3,10,cuda
oc20_s2ef_val_ood_both,OC20_S2EF_val_ood_both__file_0113__config_496,oc20,223,flash_pair_auto,0,22.439737105742097,geometry_only,3,10,cuda
oc20_s2ef_val_ood_both,OC20_S2EF_val_ood_both__file_0113__config_496,oc20,223,flash_pair_auto,1,28.08393817394972,geometry_only,3,10,cuda
oc20_s2ef_val_ood_both,OC20_S2EF_val_ood_both__file_0113__config_496,oc20,223,flash_pair_auto,2,27.20940695144236,geometry_only,3,10,cuda
oc20_s2ef_val_ood_both,OC20_S2EF_val_ood_both__file_0113__config_496,oc20,223,flash_pair_auto,3,27.897638035938144,geometry_only,3,10,cuda
oc20_s2ef_val_ood_both,OC20_S2EF_val_ood_both__file_0113__config_496,oc20,223,flash_pair_auto,4,27.916020015254617,geometry_only,3,10,cuda
oc20_s2ef_val_ood_both,OC20_S2EF_val_ood_both__file_0113__config_496,oc20,223,flash_pair_auto,5,27.75091794319451,geometry_only,3,10,cuda
oc20_s2ef_val_ood_both,OC20_S2EF_val_ood_both__file_0113__config_496,oc20,223,flash_pair_auto,6,26.77084505558014,geometry_only,3,10,cuda
oc20_s2ef_val_ood_both,OC20_S2EF_val_ood_both__file_0113__config_496,oc20,223,flash_pair_auto,7,27.979025151580572,geometry_only,3,10,cuda
oc20_s2ef_val_ood_both,OC20_S2EF_val_ood_both__file_0113__config_496,oc20,223,flash_pair_auto,8,28.384007047861814,geometry_only,3,10,cuda
oc20_s2ef_val_ood_both,OC20_S2EF_val_ood_both__file_0113__config_496,oc20,223,flash_pair_auto,9,26.941569056361914,geometry_only,3,10,cuda
oc20_s2ef_val_ood_cat,OC20_S2EF_val_ood_cat__file_0023__config_854,oc20,225,flash_baseline,0,16.98405807837844,baseline,3,10,cuda
oc20_s2ef_val_ood_cat,OC20_S2EF_val_ood_cat__file_0023__config_854,oc20,225,flash_baseline,1,17.234381986781955,baseline,3,10,cuda
oc20_s2ef_val_ood_cat,OC20_S2EF_val_ood_cat__file_0023__config_854,oc20,225,flash_baseline,2,17.248697811737657,baseline,3,10,cuda
oc20_s2ef_val_ood_cat,OC20_S2EF_val_ood_cat__file_0023__config_854,oc20,225,flash_baseline,3,17.32184994034469,baseline,3,10,cuda
oc20_s2ef_val_ood_cat,OC20_S2EF_val_ood_cat__file_0023__config_854,oc20,225,flash_baseline,4,17.286574002355337,baseline,3,10,cuda
oc20_s2ef_val_ood_cat,OC20_S2EF_val_ood_cat__file_0023__config_854,oc20,225,flash_baseline,5,17.210444202646613,baseline,3,10,cuda
oc20_s2ef_val_ood_cat,OC20_S2EF_val_ood_cat__file_0023__config_854,oc20,225,flash_baseline,6,16.814403934404254,baseline,3,10,cuda
oc20_s2ef_val_ood_cat,OC20_S2EF_val_ood_cat__file_0023__config_854,oc20,225,flash_baseline,7,16.807714942842722,baseline,3,10,cuda
oc20_s2ef_val_ood_cat,OC20_S2EF_val_ood_cat__file_0023__config_854,oc20,225,flash_baseline,8,16.444615088403225,baseline,3,10,cuda
oc20_s2ef_val_ood_cat,OC20_S2EF_val_ood_cat__file_0023__config_854,oc20,225,flash_baseline,9,16.85134111903608,baseline,3,10,cuda
oc20_s2ef_val_ood_cat,OC20_S2EF_val_ood_cat__file_0023__config_854,oc20,225,flash_pair_auto,0,19.589039962738752,geometry_only,3,10,cuda
oc20_s2ef_val_ood_cat,OC20_S2EF_val_ood_cat__file_0023__config_854,oc20,225,flash_pair_auto,1,19.82169086113572,geometry_only,3,10,cuda
oc20_s2ef_val_ood_cat,OC20_S2EF_val_ood_cat__file_0023__config_854,oc20,225,flash_pair_auto,2,23.096635937690735,geometry_only,3,10,cuda
oc20_s2ef_val_ood_cat,OC20_S2EF_val_ood_cat__file_0023__config_854,oc20,225,flash_pair_auto,3,25.70804813876748,geometry_only,3,10,cuda
oc20_s2ef_val_ood_cat,OC20_S2EF_val_ood_cat__file_0023__config_854,oc20,225,flash_pair_auto,4,27.89293206296861,geometry_only,3,10,cuda
oc20_s2ef_val_ood_cat,OC20_S2EF_val_ood_cat__file_0023__config_854,oc20,225,flash_pair_auto,5,28.408536920323968,geometry_only,3,10,cuda
oc20_s2ef_val_ood_cat,OC20_S2EF_val_ood_cat__file_0023__config_854,oc20,225,flash_pair_auto,6,26.918597985059023,geometry_only,3,10,cuda
oc20_s2ef_val_ood_cat,OC20_S2EF_val_ood_cat__file_0023__config_854,oc20,225,flash_pair_auto,7,28.63921388052404,geometry_only,3,10,cuda
oc20_s2ef_val_ood_cat,OC20_S2EF_val_ood_cat__file_0023__config_854,oc20,225,flash_pair_auto,8,27.844872092828155,geometry_only,3,10,cuda
oc20_s2ef_val_ood_cat,OC20_S2EF_val_ood_cat__file_0023__config_854,oc20,225,flash_pair_auto,9,28.284040978178382,geometry_only,3,10,cuda
oc22_s2ef_train,s2ef_train_0,oc22,228,flash_baseline,0,23.17951899021864,baseline,3,10,cuda
oc22_s2ef_train,s2ef_train_0,oc22,228,flash_baseline,1,30.2673380356282,baseline,3,10,cuda
oc22_s2ef_train,s2ef_train_0,oc22,228,flash_baseline,2,28.77289499156177,baseline,3,10,cuda
oc22_s2ef_train,s2ef_train_0,oc22,228,flash_baseline,3,27.699705911800265,baseline,3,10,cuda
oc22_s2ef_train,s2ef_train_0,oc22,228,flash_baseline,4,26.331854984164238,baseline,3,10,cuda
oc22_s2ef_train,s2ef_train_0,oc22,228,flash_baseline,5,28.33639783784747,baseline,3,10,cuda
oc22_s2ef_train,s2ef_train_0,oc22,228,flash_baseline,6,27.888363925740123,baseline,3,10,cuda
oc22_s2ef_train,s2ef_train_0,oc22,228,flash_baseline,7,28.238550992682576,baseline,3,10,cuda
oc22_s2ef_train,s2ef_train_0,oc22,228,flash_baseline,8,26.119038928300142,baseline,3,10,cuda
oc22_s2ef_train,s2ef_train_0,oc22,228,flash_baseline,9,24.34333390556276,baseline,3,10,cuda
oc22_s2ef_train,s2ef_train_0,oc22,228,flash_pair_auto,0,23.71057099662721,geometry_only,3,10,cuda
oc22_s2ef_train,s2ef_train_0,oc22,228,flash_pair_auto,1,23.89829303137958,geometry_only,3,10,cuda
oc22_s2ef_train,s2ef_train_0,oc22,228,flash_pair_auto,2,27.276708045974374,geometry_only,3,10,cuda
oc22_s2ef_train,s2ef_train_0,oc22,228,flash_pair_auto,3,27.93341688811779,geometry_only,3,10,cuda
oc22_s2ef_train,s2ef_train_0,oc22,228,flash_pair_auto,4,27.823691023513675,geometry_only,3,10,cuda
oc22_s2ef_train,s2ef_train_0,oc22,228,flash_pair_auto,5,27.90558198466897,geometry_only,3,10,cuda
oc22_s2ef_train,s2ef_train_0,oc22,228,flash_pair_auto,6,27.74962713010609,geometry_only,3,10,cuda
oc22_s2ef_train,s2ef_train_0,oc22,228,flash_pair_auto,7,27.249258942902088,geometry_only,3,10,cuda
oc22_s2ef_train,s2ef_train_0,oc22,228,flash_pair_auto,8,28.14082195982337,geometry_only,3,10,cuda
oc22_s2ef_train,s2ef_train_0,oc22,228,flash_pair_auto,9,28.009288012981415,geometry_only,3,10,cuda
oc22_s2ef_val_id,s2ef_val_id_0,oc22,200,flash_baseline,0,23.39826407842338,baseline,3,10,cuda
oc22_s2ef_val_id,s2ef_val_id_0,oc22,200,flash_baseline,1,28.61650614067912,baseline,3,10,cuda
oc22_s2ef_val_id,s2ef_val_id_0,oc22,200,flash_baseline,2,27.725218096747994,baseline,3,10,cuda
oc22_s2ef_val_id,s2ef_val_id_0,oc22,200,flash_baseline,3,24.736158084124327,baseline,3,10,cuda
oc22_s2ef_val_id,s2ef_val_id_0,oc22,200,flash_baseline,4,25.189687963575125,baseline,3,10,cuda
oc22_s2ef_val_id,s2ef_val_id_0,oc22,200,flash_baseline,5,27.61266613379121,baseline,3,10,cuda
oc22_s2ef_val_id,s2ef_val_id_0,oc22,200,flash_baseline,6,26.211797958239913,baseline,3,10,cuda
oc22_s2ef_val_id,s2ef_val_id_0,oc22,200,flash_baseline,7,24.806520901620388,baseline,3,10,cuda
oc22_s2ef_val_id,s2ef_val_id_0,oc22,200,flash_baseline,8,23.275478975847363,baseline,3,10,cuda
oc22_s2ef_val_id,s2ef_val_id_0,oc22,200,flash_baseline,9,25.65659419633448,baseline,3,10,cuda
oc22_s2ef_val_id,s2ef_val_id_0,oc22,200,flash_pair_auto,0,23.557106032967567,geometry_only,3,10,cuda
oc22_s2ef_val_id,s2ef_val_id_0,oc22,200,flash_pair_auto,1,30.774086015298963,geometry_only,3,10,cuda
oc22_s2ef_val_id,s2ef_val_id_0,oc22,200,flash_pair_auto,2,28.632793808355927,geometry_only,3,10,cuda
oc22_s2ef_val_id,s2ef_val_id_0,oc22,200,flash_pair_auto,3,27.610498014837503,geometry_only,3,10,cuda
oc22_s2ef_val_id,s2ef_val_id_0,oc22,200,flash_pair_auto,4,25.397084187716246,geometry_only,3,10,cuda
oc22_s2ef_val_id,s2ef_val_id_0,oc22,200,flash_pair_auto,5,27.1209548227489,geometry_only,3,10,cuda
oc22_s2ef_val_id,s2ef_val_id_0,oc22,200,flash_pair_auto,6,27.592614060267806,geometry_only,3,10,cuda
oc22_s2ef_val_id,s2ef_val_id_0,oc22,200,flash_pair_auto,7,26.12836309708655,geometry_only,3,10,cuda
oc22_s2ef_val_id,s2ef_val_id_0,oc22,200,flash_pair_auto,8,27.442047838121653,geometry_only,3,10,cuda
oc22_s2ef_val_id,s2ef_val_id_0,oc22,200,flash_pair_auto,9,29.261923162266612,geometry_only,3,10,cuda
oc22_s2ef_val_ood,is2re_val_ood_43,oc22,216,flash_baseline,0,28.440407011657953,baseline,3,10,cuda
oc22_s2ef_val_ood,is2re_val_ood_43,oc22,216,flash_baseline,1,27.8405558783561,baseline,3,10,cuda
oc22_s2ef_val_ood,is2re_val_ood_43,oc22,216,flash_baseline,2,27.585273142904043,baseline,3,10,cuda
oc22_s2ef_val_ood,is2re_val_ood_43,oc22,216,flash_baseline,3,27.834682958200574,baseline,3,10,cuda
oc22_s2ef_val_ood,is2re_val_ood_43,oc22,216,flash_baseline,4,28.024784987792373,baseline,3,10,cuda
oc22_s2ef_val_ood,is2re_val_ood_43,oc22,216,flash_baseline,5,27.987392153590918,baseline,3,10,cuda
oc22_s2ef_val_ood,is2re_val_ood_43,oc22,216,flash_baseline,6,28.06801488623023,baseline,3,10,cuda
oc22_s2ef_val_ood,is2re_val_ood_43,oc22,216,flash_baseline,7,27.927601942792535,baseline,3,10,cuda
oc22_s2ef_val_ood,is2re_val_ood_43,oc22,216,flash_baseline,8,27.946291957050562,baseline,3,10,cuda
oc22_s2ef_val_ood,is2re_val_ood_43,oc22,216,flash_baseline,9,27.934693032875657,baseline,3,10,cuda
oc22_s2ef_val_ood,is2re_val_ood_43,oc22,216,flash_pair_auto,0,29.483204940333962,geometry_only,3,10,cuda
oc22_s2ef_val_ood,is2re_val_ood_43,oc22,216,flash_pair_auto,1,32.03952009789646,geometry_only,3,10,cuda
oc22_s2ef_val_ood,is2re_val_ood_43,oc22,216,flash_pair_auto,2,28.92341185361147,geometry_only,3,10,cuda
oc22_s2ef_val_ood,is2re_val_ood_43,oc22,216,flash_pair_auto,3,30.951027991250157,geometry_only,3,10,cuda
oc22_s2ef_val_ood,is2re_val_ood_43,oc22,216,flash_pair_auto,4,28.847676003351808,geometry_only,3,10,cuda
oc22_s2ef_val_ood,is2re_val_ood_43,oc22,216,flash_pair_auto,5,29.034150065854192,geometry_only,3,10,cuda
oc22_s2ef_val_ood,is2re_val_ood_43,oc22,216,flash_pair_auto,6,28.84479286149144,geometry_only,3,10,cuda
oc22_s2ef_val_ood,is2re_val_ood_43,oc22,216,flash_pair_auto,7,29.858619207516313,geometry_only,3,10,cuda
oc22_s2ef_val_ood,is2re_val_ood_43,oc22,216,flash_pair_auto,8,30.924159102141857,geometry_only,3,10,cuda
oc22_s2ef_val_ood,is2re_val_ood_43,oc22,216,flash_pair_auto,9,28.93080818466842,geometry_only,3,10,cuda
omat24_1m_official,train:106751,omat24,160,flash_baseline,0,25.87690483778715,baseline,3,10,cuda
omat24_1m_official,train:106751,omat24,160,flash_baseline,1,30.223577050492167,baseline,3,10,cuda
omat24_1m_official,train:106751,omat24,160,flash_baseline,2,28.777220053598285,baseline,3,10,cuda
omat24_1m_official,train:106751,omat24,160,flash_baseline,3,27.714688098058105,baseline,3,10,cuda
omat24_1m_official,train:106751,omat24,160,flash_baseline,4,27.66799903474748,baseline,3,10,cuda
omat24_1m_official,train:106751,omat24,160,flash_baseline,5,27.05165697261691,baseline,3,10,cuda
omat24_1m_official,train:106751,omat24,160,flash_baseline,6,28.13525591045618,baseline,3,10,cuda
omat24_1m_official,train:106751,omat24,160,flash_baseline,7,28.041284065693617,baseline,3,10,cuda
omat24_1m_official,train:106751,omat24,160,flash_baseline,8,28.087323997169733,baseline,3,10,cuda
omat24_1m_official,train:106751,omat24,160,flash_baseline,9,27.938050916418433,baseline,3,10,cuda
omat24_1m_official,train:106751,omat24,160,flash_pair_auto,0,27.24477811716497,geometry_only,3,10,cuda
omat24_1m_official,train:106751,omat24,160,flash_pair_auto,1,30.66412708722055,geometry_only,3,10,cuda
omat24_1m_official,train:106751,omat24,160,flash_pair_auto,2,29.021629132330418,geometry_only,3,10,cuda
omat24_1m_official,train:106751,omat24,160,flash_pair_auto,3,28.149259043857455,geometry_only,3,10,cuda
omat24_1m_official,train:106751,omat24,160,flash_pair_auto,4,27.89389807730913,geometry_only,3,10,cuda
omat24_1m_official,train:106751,omat24,160,flash_pair_auto,5,27.977335965260863,geometry_only,3,10,cuda
omat24_1m_official,train:106751,omat24,160,flash_pair_auto,6,28.022916056215763,geometry_only,3,10,cuda
omat24_1m_official,train:106751,omat24,160,flash_pair_auto,7,27.88129705004394,geometry_only,3,10,cuda
omat24_1m_official,train:106751,omat24,160,flash_pair_auto,8,27.670850977301598,geometry_only,3,10,cuda
omat24_1m_official,train:106751,omat24,160,flash_pair_auto,9,27.815006906166673,geometry_only,3,10,cuda
omol25_train_4m,OMol25_train_4M_data0016_18415,omol25_low,350,flash_baseline,0,28.640143107622862,baseline,3,10,cuda
omol25_train_4m,OMol25_train_4M_data0016_18415,omol25_low,350,flash_baseline,1,29.176225187256932,baseline,3,10,cuda
omol25_train_4m,OMol25_train_4M_data0016_18415,omol25_low,350,flash_baseline,2,27.73773903027177,baseline,3,10,cuda
omol25_train_4m,OMol25_train_4M_data0016_18415,omol25_low,350,flash_baseline,3,27.94186701066792,baseline,3,10,cuda
omol25_train_4m,OMol25_train_4M_data0016_18415,omol25_low,350,flash_baseline,4,27.374901808798313,baseline,3,10,cuda
omol25_train_4m,OMol25_train_4M_data0016_18415,omol25_low,350,flash_baseline,5,27.800069889053702,baseline,3,10,cuda
omol25_train_4m,OMol25_train_4M_data0016_18415,omol25_low,350,flash_baseline,6,27.895866194739938,baseline,3,10,cuda
omol25_train_4m,OMol25_train_4M_data0016_18415,omol25_low,350,flash_baseline,7,27.990381000563502,baseline,3,10,cuda
omol25_train_4m,OMol25_train_4M_data0016_18415,omol25_low,350,flash_baseline,8,28.091933112591505,baseline,3,10,cuda
omol25_train_4m,OMol25_train_4M_data0016_18415,omol25_low,350,flash_baseline,9,27.9695310164243,baseline,3,10,cuda
omol25_train_4m,OMol25_train_4M_data0016_18415,omol25_low,350,flash_pair_auto,0,29.374492820352316,geometry_only,3,10,cuda
omol25_train_4m,OMol25_train_4M_data0016_18415,omol25_low,350,flash_pair_auto,1,33.546739956364036,geometry_only,3,10,cuda
omol25_train_4m,OMol25_train_4M_data0016_18415,omol25_low,350,flash_pair_auto,2,36.57984687015414,geometry_only,3,10,cuda
omol25_train_4m,OMol25_train_4M_data0016_18415,omol25_low,350,flash_pair_auto,3,31.97477711364627,geometry_only,3,10,cuda
omol25_train_4m,OMol25_train_4M_data0016_18415,omol25_low,350,flash_pair_auto,4,29.080938082188368,geometry_only,3,10,cuda
omol25_train_4m,OMol25_train_4M_data0016_18415,omol25_low,350,flash_pair_auto,5,28.527814894914627,geometry_only,3,10,cuda
omol25_train_4m,OMol25_train_4M_data0016_18415,omol25_low,350,flash_pair_auto,6,31.182297971099615,geometry_only,3,10,cuda
omol25_train_4m,OMol25_train_4M_data0016_18415,omol25_low,350,flash_pair_auto,7,28.445071075111628,geometry_only,3,10,cuda
omol25_train_4m,OMol25_train_4M_data0016_18415,omol25_low,350,flash_pair_auto,8,28.568771900609136,geometry_only,3,10,cuda
omol25_train_4m,OMol25_train_4M_data0016_18415,omol25_low,350,flash_pair_auto,9,28.503144159913063,geometry_only,3,10,cuda
omol25_train_neutral,OMol25_train_neutral_data0063_395425,omol25_low,181,flash_baseline,0,16.49409392848611,baseline,3,10,cuda
omol25_train_neutral,OMol25_train_neutral_data0063_395425,omol25_low,181,flash_baseline,1,16.322728944942355,baseline,3,10,cuda
omol25_train_neutral,OMol25_train_neutral_data0063_395425,omol25_low,181,flash_baseline,2,16.338913002982736,baseline,3,10,cuda
omol25_train_neutral,OMol25_train_neutral_data0063_395425,omol25_low,181,flash_baseline,3,16.37396984733641,baseline,3,10,cuda
omol25_train_neutral,OMol25_train_neutral_data0063_395425,omol25_low,181,flash_baseline,4,16.37938292697072,baseline,3,10,cuda
omol25_train_neutral,OMol25_train_neutral_data0063_395425,omol25_low,181,flash_baseline,5,16.365584917366505,baseline,3,10,cuda
omol25_train_neutral,OMol25_train_neutral_data0063_395425,omol25_low,181,flash_baseline,6,16.35288097895682,baseline,3,10,cuda
omol25_train_neutral,OMol25_train_neutral_data0063_395425,omol25_low,181,flash_baseline,7,16.360108042135835,baseline,3,10,cuda
omol25_train_neutral,OMol25_train_neutral_data0063_395425,omol25_low,181,flash_baseline,8,16.301595140248537,baseline,3,10,cuda
omol25_train_neutral,OMol25_train_neutral_data0063_395425,omol25_low,181,flash_baseline,9,15.9608768299222,baseline,3,10,cuda
omol25_train_neutral,OMol25_train_neutral_data0063_395425,omol25_low,181,flash_pair_auto,0,21.23773517087102,geometry_only,3,10,cuda
omol25_train_neutral,OMol25_train_neutral_data0063_395425,omol25_low,181,flash_pair_auto,1,27.056846069172025,geometry_only,3,10,cuda
omol25_train_neutral,OMol25_train_neutral_data0063_395425,omol25_low,181,flash_pair_auto,2,28.003931045532227,geometry_only,3,10,cuda
omol25_train_neutral,OMol25_train_neutral_data0063_395425,omol25_low,181,flash_pair_auto,3,27.503883931785822,geometry_only,3,10,cuda
omol25_train_neutral,OMol25_train_neutral_data0063_395425,omol25_low,181,flash_pair_auto,4,27.37566689029336,geometry_only,3,10,cuda
omol25_train_neutral,OMol25_train_neutral_data0063_395425,omol25_low,181,flash_pair_auto,5,27.25147595629096,geometry_only,3,10,cuda
omol25_train_neutral,OMol25_train_neutral_data0063_395425,omol25_low,181,flash_pair_auto,6,25.871585123240948,geometry_only,3,10,cuda
omol25_train_neutral,OMol25_train_neutral_data0063_395425,omol25_low,181,flash_pair_auto,7,27.589470148086548,geometry_only,3,10,cuda
omol25_train_neutral,OMol25_train_neutral_data0063_395425,omol25_low,181,flash_pair_auto,8,27.59486809372902,geometry_only,3,10,cuda
omol25_train_neutral,OMol25_train_neutral_data0063_395425,omol25_low,181,flash_pair_auto,9,28.040295001119375,geometry_only,3,10,cuda
omol25_validation,OMol25_validation_data0012_18589,omol25_low,350,flash_baseline,0,24.908944964408875,baseline,3,10,cuda
omol25_validation,OMol25_validation_data0012_18589,omol25_low,350,flash_baseline,1,29.681385029107332,baseline,3,10,cuda
omol25_validation,OMol25_validation_data0012_18589,omol25_low,350,flash_baseline,2,28.954820008948445,baseline,3,10,cuda
omol25_validation,OMol25_validation_data0012_18589,omol25_low,350,flash_baseline,3,27.883600909262896,baseline,3,10,cuda
omol25_validation,OMol25_validation_data0012_18589,omol25_low,350,flash_baseline,4,28.40874600224197,baseline,3,10,cuda
omol25_validation,OMol25_validation_data0012_18589,omol25_low,350,flash_baseline,5,30.20996297709644,baseline,3,10,cuda
omol25_validation,OMol25_validation_data0012_18589,omol25_low,350,flash_baseline,6,31.58224793151021,baseline,3,10,cuda
omol25_validation,OMol25_validation_data0012_18589,omol25_low,350,flash_baseline,7,30.104542151093483,baseline,3,10,cuda
omol25_validation,OMol25_validation_data0012_18589,omol25_low,350,flash_baseline,8,27.38072699867189,baseline,3,10,cuda
omol25_validation,OMol25_validation_data0012_18589,omol25_low,350,flash_baseline,9,25.287728989496827,baseline,3,10,cuda
omol25_validation,OMol25_validation_data0012_18589,omol25_low,350,flash_pair_auto,0,26.774902129545808,geometry_only,3,10,cuda
omol25_validation,OMol25_validation_data0012_18589,omol25_low,350,flash_pair_auto,1,29.743132181465626,geometry_only,3,10,cuda
omol25_validation,OMol25_validation_data0012_18589,omol25_low,350,flash_pair_auto,2,27.779860887676477,geometry_only,3,10,cuda
omol25_validation,OMol25_validation_data0012_18589,omol25_low,350,flash_pair_auto,3,27.69656991586089,geometry_only,3,10,cuda
omol25_validation,OMol25_validation_data0012_18589,omol25_low,350,flash_pair_auto,4,27.979857986792922,geometry_only,3,10,cuda
omol25_validation,OMol25_validation_data0012_18589,omol25_low,350,flash_pair_auto,5,28.0190568882972,geometry_only,3,10,cuda
omol25_validation,OMol25_validation_data0012_18589,omol25_low,350,flash_pair_auto,6,27.977571124210954,geometry_only,3,10,cuda
omol25_validation,OMol25_validation_data0012_18589,omol25_low,350,flash_pair_auto,7,28.039246797561646,geometry_only,3,10,cuda
omol25_validation,OMol25_validation_data0012_18589,omol25_low,350,flash_pair_auto,8,27.93922391720116,geometry_only,3,10,cuda
omol25_validation,OMol25_validation_data0012_18589,omol25_low,350,flash_pair_auto,9,28.02090090699494,geometry_only,3,10,cuda
phonondb_pbe,phonondb_pbe.extxyz:0,matpes_r2scan,8,flash_baseline,0,13.611647067591548,baseline,3,10,cuda
phonondb_pbe,phonondb_pbe.extxyz:0,matpes_r2scan,8,flash_baseline,1,13.328442117199302,baseline,3,10,cuda
phonondb_pbe,phonondb_pbe.extxyz:0,matpes_r2scan,8,flash_baseline,2,13.370038941502571,baseline,3,10,cuda
phonondb_pbe,phonondb_pbe.extxyz:0,matpes_r2scan,8,flash_baseline,3,13.296114979311824,baseline,3,10,cuda
phonondb_pbe,phonondb_pbe.extxyz:0,matpes_r2scan,8,flash_baseline,4,13.325242092832923,baseline,3,10,cuda
phonondb_pbe,phonondb_pbe.extxyz:0,matpes_r2scan,8,flash_baseline,5,13.303868006914854,baseline,3,10,cuda
phonondb_pbe,phonondb_pbe.extxyz:0,matpes_r2scan,8,flash_baseline,6,13.299350161105394,baseline,3,10,cuda
phonondb_pbe,phonondb_pbe.extxyz:0,matpes_r2scan,8,flash_baseline,7,13.307343935593963,baseline,3,10,cuda
phonondb_pbe,phonondb_pbe.extxyz:0,matpes_r2scan,8,flash_baseline,8,13.466086937114596,baseline,3,10,cuda
phonondb_pbe,phonondb_pbe.extxyz:0,matpes_r2scan,8,flash_baseline,9,13.338689925149083,baseline,3,10,cuda
phonondb_pbe,phonondb_pbe.extxyz:0,matpes_r2scan,8,flash_pair_auto,0,14.142894884571433,geometry_only,3,10,cuda
phonondb_pbe,phonondb_pbe.extxyz:0,matpes_r2scan,8,flash_pair_auto,1,13.814689125865698,geometry_only,3,10,cuda
phonondb_pbe,phonondb_pbe.extxyz:0,matpes_r2scan,8,flash_pair_auto,2,13.718047877773643,geometry_only,3,10,cuda
phonondb_pbe,phonondb_pbe.extxyz:0,matpes_r2scan,8,flash_pair_auto,3,13.700538780540228,geometry_only,3,10,cuda
phonondb_pbe,phonondb_pbe.extxyz:0,matpes_r2scan,8,flash_pair_auto,4,13.689117971807718,geometry_only,3,10,cuda
phonondb_pbe,phonondb_pbe.extxyz:0,matpes_r2scan,8,flash_pair_auto,5,13.621352845802903,geometry_only,3,10,cuda
phonondb_pbe,phonondb_pbe.extxyz:0,matpes_r2scan,8,flash_pair_auto,6,13.784790178760886,geometry_only,3,10,cuda
phonondb_pbe,phonondb_pbe.extxyz:0,matpes_r2scan,8,flash_pair_auto,7,13.704500859603286,geometry_only,3,10,cuda
phonondb_pbe,phonondb_pbe.extxyz:0,matpes_r2scan,8,flash_pair_auto,8,13.78661603666842,geometry_only,3,10,cuda
phonondb_pbe,phonondb_pbe.extxyz:0,matpes_r2scan,8,flash_pair_auto,9,13.678950956091285,geometry_only,3,10,cuda
qm9_hf,0_3057,qcml,29,flash_baseline,0,14.705723151564598,baseline,3,10,cuda
qm9_hf,0_3057,qcml,29,flash_baseline,1,14.05064994469285,baseline,3,10,cuda
qm9_hf,0_3057,qcml,29,flash_baseline,2,13.821967877447605,baseline,3,10,cuda
qm9_hf,0_3057,qcml,29,flash_baseline,3,13.798498082906008,baseline,3,10,cuda
qm9_hf,0_3057,qcml,29,flash_baseline,4,13.633680995553732,baseline,3,10,cuda
qm9_hf,0_3057,qcml,29,flash_baseline,5,13.508431147783995,baseline,3,10,cuda
qm9_hf,0_3057,qcml,29,flash_baseline,6,13.354862108826637,baseline,3,10,cuda
qm9_hf,0_3057,qcml,29,flash_baseline,7,13.865313958376646,baseline,3,10,cuda
qm9_hf,0_3057,qcml,29,flash_baseline,8,13.633770868182182,baseline,3,10,cuda
qm9_hf,0_3057,qcml,29,flash_baseline,9,13.532612007111311,baseline,3,10,cuda
qm9_hf,0_3057,qcml,29,flash_pair_auto,0,14.917060965672135,geometry_only,3,10,cuda
qm9_hf,0_3057,qcml,29,flash_pair_auto,1,14.67869896441698,geometry_only,3,10,cuda
qm9_hf,0_3057,qcml,29,flash_pair_auto,2,14.299698173999786,geometry_only,3,10,cuda
qm9_hf,0_3057,qcml,29,flash_pair_auto,3,14.163349056616426,geometry_only,3,10,cuda
qm9_hf,0_3057,qcml,29,flash_pair_auto,4,14.326958917081356,geometry_only,3,10,cuda
qm9_hf,0_3057,qcml,29,flash_pair_auto,5,15.427303966134787,geometry_only,3,10,cuda
qm9_hf,0_3057,qcml,29,flash_pair_auto,6,14.35983506962657,geometry_only,3,10,cuda
qm9_hf,0_3057,qcml,29,flash_pair_auto,7,14.31497186422348,geometry_only,3,10,cuda
qm9_hf,0_3057,qcml,29,flash_pair_auto,8,14.564116019755602,geometry_only,3,10,cuda
qm9_hf,0_3057,qcml,29,flash_pair_auto,9,14.805690152570605,geometry_only,3,10,cuda
rmd17,rmd17_azobenzene,spice,24,flash_baseline,0,13.726592063903809,baseline,3,10,cuda
rmd17,rmd17_azobenzene,spice,24,flash_baseline,1,14.145012944936752,baseline,3,10,cuda
rmd17,rmd17_azobenzene,spice,24,flash_baseline,2,13.621229911223054,baseline,3,10,cuda
rmd17,rmd17_azobenzene,spice,24,flash_baseline,3,13.463801937177777,baseline,3,10,cuda
rmd17,rmd17_azobenzene,spice,24,flash_baseline,4,13.42581701464951,baseline,3,10,cuda
rmd17,rmd17_azobenzene,spice,24,flash_baseline,5,13.379786862060428,baseline,3,10,cuda
rmd17,rmd17_azobenzene,spice,24,flash_baseline,6,13.452351093292236,baseline,3,10,cuda
rmd17,rmd17_azobenzene,spice,24,flash_baseline,7,14.025145908817649,baseline,3,10,cuda
rmd17,rmd17_azobenzene,spice,24,flash_baseline,8,13.46205291338265,baseline,3,10,cuda
rmd17,rmd17_azobenzene,spice,24,flash_baseline,9,13.39470292441547,baseline,3,10,cuda
rmd17,rmd17_azobenzene,spice,24,flash_pair_auto,0,14.403074979782104,geometry_only,3,10,cuda
rmd17,rmd17_azobenzene,spice,24,flash_pair_auto,1,14.192163944244385,geometry_only,3,10,cuda
rmd17,rmd17_azobenzene,spice,24,flash_pair_auto,2,14.475751901045442,geometry_only,3,10,cuda
rmd17,rmd17_azobenzene,spice,24,flash_pair_auto,3,14.450639951974154,geometry_only,3,10,cuda
rmd17,rmd17_azobenzene,spice,24,flash_pair_auto,4,14.484725194051862,geometry_only,3,10,cuda
rmd17,rmd17_azobenzene,spice,24,flash_pair_auto,5,14.13632114417851,geometry_only,3,10,cuda
rmd17,rmd17_azobenzene,spice,24,flash_pair_auto,6,15.334262046962976,geometry_only,3,10,cuda
rmd17,rmd17_azobenzene,spice,24,flash_pair_auto,7,14.826007885858417,geometry_only,3,10,cuda
rmd17,rmd17_azobenzene,spice,24,flash_pair_auto,8,14.297829009592533,geometry_only,3,10,cuda
rmd17,rmd17_azobenzene,spice,24,flash_pair_auto,9,14.422070933505893,geometry_only,3,10,cuda
salex_train_official,alex_go_aao_005:4493,omat24,132,flash_baseline,0,18.337312852963805,baseline,3,10,cuda
salex_train_official,alex_go_aao_005:4493,omat24,132,flash_baseline,1,18.169102957472205,baseline,3,10,cuda
salex_train_official,alex_go_aao_005:4493,omat24,132,flash_baseline,2,18.188151996582747,baseline,3,10,cuda
salex_train_official,alex_go_aao_005:4493,omat24,132,flash_baseline,3,18.144560046494007,baseline,3,10,cuda
salex_train_official,alex_go_aao_005:4493,omat24,132,flash_baseline,4,18.14367319457233,baseline,3,10,cuda
salex_train_official,alex_go_aao_005:4493,omat24,132,flash_baseline,5,18.15070607699454,baseline,3,10,cuda
salex_train_official,alex_go_aao_005:4493,omat24,132,flash_baseline,6,18.142288085073233,baseline,3,10,cuda
salex_train_official,alex_go_aao_005:4493,omat24,132,flash_baseline,7,18.139651976525784,baseline,3,10,cuda
salex_train_official,alex_go_aao_005:4493,omat24,132,flash_baseline,8,18.16058298572898,baseline,3,10,cuda
salex_train_official,alex_go_aao_005:4493,omat24,132,flash_baseline,9,18.112158169969916,baseline,3,10,cuda
salex_train_official,alex_go_aao_005:4493,omat24,132,flash_pair_auto,0,23.20582210086286,geometry_only,3,10,cuda
salex_train_official,alex_go_aao_005:4493,omat24,132,flash_pair_auto,1,31.908120028674603,geometry_only,3,10,cuda
salex_train_official,alex_go_aao_005:4493,omat24,132,flash_pair_auto,2,30.193750048056245,geometry_only,3,10,cuda
salex_train_official,alex_go_aao_005:4493,omat24,132,flash_pair_auto,3,27.130139991641045,geometry_only,3,10,cuda
salex_train_official,alex_go_aao_005:4493,omat24,132,flash_pair_auto,4,26.649498846381903,geometry_only,3,10,cuda
salex_train_official,alex_go_aao_005:4493,omat24,132,flash_pair_auto,5,29.213055968284607,geometry_only,3,10,cuda
salex_train_official,alex_go_aao_005:4493,omat24,132,flash_pair_auto,6,27.88287284784019,geometry_only,3,10,cuda
salex_train_official,alex_go_aao_005:4493,omat24,132,flash_pair_auto,7,28.31101603806019,geometry_only,3,10,cuda
salex_train_official,alex_go_aao_005:4493,omat24,132,flash_pair_auto,8,26.80021896958351,geometry_only,3,10,cuda
salex_train_official,alex_go_aao_005:4493,omat24,132,flash_pair_auto,9,27.97745680436492,geometry_only,3,10,cuda
salex_val_official,alex_go_aao_006:1039,omat24,128,flash_baseline,0,24.635336827486753,baseline,3,10,cuda
salex_val_official,alex_go_aao_006:1039,omat24,128,flash_baseline,1,27.901252964511514,baseline,3,10,cuda
salex_val_official,alex_go_aao_006:1039,omat24,128,flash_baseline,2,26.404406875371933,baseline,3,10,cuda
salex_val_official,alex_go_aao_006:1039,omat24,128,flash_baseline,3,27.385290944948792,baseline,3,10,cuda
salex_val_official,alex_go_aao_006:1039,omat24,128,flash_baseline,4,28.46995205618441,baseline,3,10,cuda
salex_val_official,alex_go_aao_006:1039,omat24,128,flash_baseline,5,27.891856851056218,baseline,3,10,cuda
salex_val_official,alex_go_aao_006:1039,omat24,128,flash_baseline,6,27.96713192947209,baseline,3,10,cuda
salex_val_official,alex_go_aao_006:1039,omat24,128,flash_baseline,7,27.18880702741444,baseline,3,10,cuda
salex_val_official,alex_go_aao_006:1039,omat24,128,flash_baseline,8,27.828941121697426,baseline,3,10,cuda
salex_val_official,alex_go_aao_006:1039,omat24,128,flash_baseline,9,28.017566073685884,baseline,3,10,cuda
salex_val_official,alex_go_aao_006:1039,omat24,128,flash_pair_auto,0,26.41412988305092,geometry_only,3,10,cuda
salex_val_official,alex_go_aao_006:1039,omat24,128,flash_pair_auto,1,29.768135165795684,geometry_only,3,10,cuda
salex_val_official,alex_go_aao_006:1039,omat24,128,flash_pair_auto,2,29.68167490325868,geometry_only,3,10,cuda
salex_val_official,alex_go_aao_006:1039,omat24,128,flash_pair_auto,3,28.17690186202526,geometry_only,3,10,cuda
salex_val_official,alex_go_aao_006:1039,omat24,128,flash_pair_auto,4,27.915837010368705,geometry_only,3,10,cuda
salex_val_official,alex_go_aao_006:1039,omat24,128,flash_pair_auto,5,28.259478975087404,geometry_only,3,10,cuda
salex_val_official,alex_go_aao_006:1039,omat24,128,flash_pair_auto,6,27.69014099612832,geometry_only,3,10,cuda
salex_val_official,alex_go_aao_006:1039,omat24,128,flash_pair_auto,7,27.954651042819023,geometry_only,3,10,cuda
salex_val_official,alex_go_aao_006:1039,omat24,128,flash_pair_auto,8,27.692326111719012,geometry_only,3,10,cuda
salex_val_official,alex_go_aao_006:1039,omat24,128,flash_pair_auto,9,27.77772885747254,geometry_only,3,10,cuda
spice_2023,hie__SPICE_Solvated_Amino_Acids_Single_Points_Dataset_v1.1__index_49,spice,89,flash_baseline,0,14.973239041864872,baseline,3,10,cuda
spice_2023,hie__SPICE_Solvated_Amino_Acids_Single_Points_Dataset_v1.1__index_49,spice,89,flash_baseline,1,14.668544055894017,baseline,3,10,cuda
spice_2023,hie__SPICE_Solvated_Amino_Acids_Single_Points_Dataset_v1.1__index_49,spice,89,flash_baseline,2,14.383673202246428,baseline,3,10,cuda
spice_2023,hie__SPICE_Solvated_Amino_Acids_Single_Points_Dataset_v1.1__index_49,spice,89,flash_baseline,3,14.401083113625646,baseline,3,10,cuda
spice_2023,hie__SPICE_Solvated_Amino_Acids_Single_Points_Dataset_v1.1__index_49,spice,89,flash_baseline,4,14.40916396677494,baseline,3,10,cuda
spice_2023,hie__SPICE_Solvated_Amino_Acids_Single_Points_Dataset_v1.1__index_49,spice,89,flash_baseline,5,14.422759180888534,baseline,3,10,cuda
spice_2023,hie__SPICE_Solvated_Amino_Acids_Single_Points_Dataset_v1.1__index_49,spice,89,flash_baseline,6,14.409136027097702,baseline,3,10,cuda
spice_2023,hie__SPICE_Solvated_Amino_Acids_Single_Points_Dataset_v1.1__index_49,spice,89,flash_baseline,7,14.445530017837882,baseline,3,10,cuda
spice_2023,hie__SPICE_Solvated_Amino_Acids_Single_Points_Dataset_v1.1__index_49,spice,89,flash_baseline,8,14.428695198148489,baseline,3,10,cuda
spice_2023,hie__SPICE_Solvated_Amino_Acids_Single_Points_Dataset_v1.1__index_49,spice,89,flash_baseline,9,14.353389153257012,baseline,3,10,cuda
spice_2023,hie__SPICE_Solvated_Amino_Acids_Single_Points_Dataset_v1.1__index_49,spice,89,flash_pair_auto,0,18.239207100123167,geometry_only,3,10,cuda
spice_2023,hie__SPICE_Solvated_Amino_Acids_Single_Points_Dataset_v1.1__index_49,spice,89,flash_pair_auto,1,26.00922086276114,geometry_only,3,10,cuda
spice_2023,hie__SPICE_Solvated_Amino_Acids_Single_Points_Dataset_v1.1__index_49,spice,89,flash_pair_auto,2,27.94537297450006,geometry_only,3,10,cuda
spice_2023,hie__SPICE_Solvated_Amino_Acids_Single_Points_Dataset_v1.1__index_49,spice,89,flash_pair_auto,3,27.722281869500875,geometry_only,3,10,cuda
spice_2023,hie__SPICE_Solvated_Amino_Acids_Single_Points_Dataset_v1.1__index_49,spice,89,flash_pair_auto,4,27.59241103194654,geometry_only,3,10,cuda
spice_2023,hie__SPICE_Solvated_Amino_Acids_Single_Points_Dataset_v1.1__index_49,spice,89,flash_pair_auto,5,27.950142044574022,geometry_only,3,10,cuda
spice_2023,hie__SPICE_Solvated_Amino_Acids_Single_Points_Dataset_v1.1__index_49,spice,89,flash_pair_auto,6,27.776737930253148,geometry_only,3,10,cuda
spice_2023,hie__SPICE_Solvated_Amino_Acids_Single_Points_Dataset_v1.1__index_49,spice,89,flash_pair_auto,7,27.902577072381973,geometry_only,3,10,cuda
spice_2023,hie__SPICE_Solvated_Amino_Acids_Single_Points_Dataset_v1.1__index_49,spice,89,flash_pair_auto,8,27.681377017870545,geometry_only,3,10,cuda
spice_2023,hie__SPICE_Solvated_Amino_Acids_Single_Points_Dataset_v1.1__index_49,spice,89,flash_pair_auto,9,27.68187690526247,geometry_only,3,10,cuda
wbm_initial,wbm_initial:23057,matpes_pbe,100,flash_baseline,0,13.94490897655487,baseline,3,10,cuda
wbm_initial,wbm_initial:23057,matpes_pbe,100,flash_baseline,1,13.746578013524413,baseline,3,10,cuda
wbm_initial,wbm_initial:23057,matpes_pbe,100,flash_baseline,2,13.691876083612442,baseline,3,10,cuda
wbm_initial,wbm_initial:23057,matpes_pbe,100,flash_baseline,3,13.691094936802983,baseline,3,10,cuda
wbm_initial,wbm_initial:23057,matpes_pbe,100,flash_baseline,4,13.723293086513877,baseline,3,10,cuda
wbm_initial,wbm_initial:23057,matpes_pbe,100,flash_baseline,5,13.726693112403154,baseline,3,10,cuda
wbm_initial,wbm_initial:23057,matpes_pbe,100,flash_baseline,6,13.838103972375393,baseline,3,10,cuda
wbm_initial,wbm_initial:23057,matpes_pbe,100,flash_baseline,7,13.881583930924535,baseline,3,10,cuda
wbm_initial,wbm_initial:23057,matpes_pbe,100,flash_baseline,8,13.832269934937358,baseline,3,10,cuda
wbm_initial,wbm_initial:23057,matpes_pbe,100,flash_baseline,9,13.753402978181839,baseline,3,10,cuda
wbm_initial,wbm_initial:23057,matpes_pbe,100,flash_pair_auto,0,17.39312498830259,geometry_only,3,10,cuda
wbm_initial,wbm_initial:23057,matpes_pbe,100,flash_pair_auto,1,16.3853180129081,geometry_only,3,10,cuda
wbm_initial,wbm_initial:23057,matpes_pbe,100,flash_pair_auto,2,19.740151008591056,geometry_only,3,10,cuda
wbm_initial,wbm_initial:23057,matpes_pbe,100,flash_pair_auto,3,19.875586964190006,geometry_only,3,10,cuda
wbm_initial,wbm_initial:23057,matpes_pbe,100,flash_pair_auto,4,19.657087977975607,geometry_only,3,10,cuda
wbm_initial,wbm_initial:23057,matpes_pbe,100,flash_pair_auto,5,17.332234885543585,geometry_only,3,10,cuda
wbm_initial,wbm_initial:23057,matpes_pbe,100,flash_pair_auto,6,22.353206994011998,geometry_only,3,10,cuda
wbm_initial,wbm_initial:23057,matpes_pbe,100,flash_pair_auto,7,20.204691914841533,geometry_only,3,10,cuda
wbm_initial,wbm_initial:23057,matpes_pbe,100,flash_pair_auto,8,20.44452913105488,geometry_only,3,10,cuda
wbm_initial,wbm_initial:23057,matpes_pbe,100,flash_pair_auto,9,19.514248939231038,geometry_only,3,10,cuda
